trial,score,start_equity,end_equity,return_pct,max_drawdown,max_drawdown_pct,btc_trades,sol_trades,btc_ema_fast,btc_ema_slow,btc_adx_min,btc_atr_period,btc_stop_atr_mult,btc_tp_atr_mult,btc_trigger_delta,btc_pos_pct,sol_bb_period,sol_bb_std,sol_rsi_period,sol_rsi_long_max,sol_rsi_short_min,sol_adx_max,sol_atr_period,sol_stop_atr_mult,sol_trigger_delta
109,4.210940721840667,1000.0,1111.6366553034586,11.163665530345867,29.54825296617446,2.651109637436562,62,3,38,300,28.0,20,1.9,2.8,0.0035,30,24,1.8,17,29,65,17.0,20,1.6,0.007
35,2.958093607055141,1000.0,1043.3116975196597,4.331169751965969,15.208300199051337,1.4641760293305122,102,24,38,260,25.0,20,1.3,3.4000000000000004,0.0023,14,34,1.7000000000000002,14,36,68,20.0,19,1.7,0.0024000000000000002
217,2.7661350996859255,1000.0,1042.7619844970557,4.2761984497055705,16.334663364320704,1.545910917435342,62,8,40,250,28.0,17,1.6,3.2,0.0023,14,16,2.5,10,40,70,13.0,14,1.2,0.0036
119,2.3442643358033983,1000.0,1052.5440579287872,5.254405792878725,22.72009933619688,2.241387932508045,79,21,38,190,26.0,13,1.4,3.3,0.0034000000000000002,16,24,2.6,19,35,65,22.0,14,2.4000000000000004,0.0044
203,2.19675946810688,1000.0,1060.7644082642978,6.076440826429774,28.799511297621734,2.7660929267173344,48,0,40,300,30.0,13,1.5,3.0,0.0016,22,24,1.7000000000000002,19,31,67,18.0,12,2.2,0.0068000000000000005
113,2.1018788181312367,1000.0,1042.7965121905409,4.2796512190540925,21.345922451130264,2.0361074968437505,89,0,38,280,26.0,19,1.2,2.9000000000000004,0.0019000000000000002,18,26,2.2,15,38,67,10.0,20,2.2,0.004
185,1.9202891495722727,1000.0,1047.5427976416354,4.754279764163538,26.593625558467238,2.4758145226319233,40,10,38,150,30.0,17,2.2,2.8,0.0014000000000000002,20,24,2.2,10,37,71,13.0,12,1.2,0.0036
52,1.5334593534769996,1000.0,1028.303406135469,2.8303406135469,18.652208764989155,1.845722618685212,144,11,32,200,23.0,14,1.9,2.6,0.0025,10,30,1.9000000000000001,11,31,69,16.0,17,2.0,0.0068000000000000005
34,1.3663813405213456,1000.0,1018.9581103968712,1.895811039687123,13.956683900158964,1.3874684785755143,84,29,34,170,27.0,19,1.4,3.0,0.0025,10,22,2.0,13,34,70,19.0,19,2.2,0.004
289,1.328121332110214,1000.0,1037.1193858648649,3.711938586486485,28.65082599915661,2.7948791249280602,58,11,34,240,29.0,10,1.9,3.6,0.0034000000000000002,16,24,1.9000000000000001,20,36,68,22.0,17,2.6,0.008
144,1.3167273295447894,1000.0,1033.3883444126877,3.3388344412687676,25.8113185795155,2.5357067984782,82,1,40,320,26.0,14,2.0,2.7,0.0023,16,38,2.6,16,32,65,11.0,10,1.4,0.0048000000000000004
87,1.287988615942603,1000.0,1032.8541384764676,3.2854138476467565,26.231446896021566,2.550809694262985,58,1,36,300,29.0,12,1.6,2.1,0.0034000000000000002,24,32,2.2,14,28,69,15.0,13,1.9,0.0048000000000000004
166,1.1505230633859818,1000.0,1033.0543647523248,3.3054364752324705,30.292936495890444,2.872985844807485,117,4,22,170,27.0,20,1.6,3.1,0.0024000000000000002,20,16,2.2,20,29,60,12.0,17,1.7,0.0078000000000000005
154,1.1108713139478494,1000.0,1030.1361632266878,3.0136163226687884,28.05068033284215,2.71284016864105,60,56,40,200,28.0,19,1.9,2.5,0.0031,10,32,2.3000000000000003,12,36,68,21.0,19,2.4000000000000004,0.007200000000000001
292,1.0780814903950497,1000.0,1020.0852732629879,2.0085273262987924,19.36556211947152,1.863057054771242,37,0,40,130,31.0,20,1.9,3.6,0.0027,12,28,1.9000000000000001,18,29,71,20.0,16,2.0,0.0038000000000000004
39,1.0691085478408795,1000.0,1038.3723971823333,3.8372397182333318,36.51739213589099,3.589195620952463,94,0,36,290,25.0,12,2.1,3.3,0.0022,18,38,1.9000000000000001,20,32,70,22.0,18,1.9,0.006
233,1.0178115795798042,1000.0,1040.5957927688803,4.059579276888026,42.725627930799874,3.988537130383201,130,7,22,280,27.0,18,1.3,3.0,0.0017000000000000001,30,14,1.9000000000000001,17,34,59,13.0,17,2.2,0.0058
130,0.9962740326582555,1000.0,1034.289596228983,3.428959622898309,35.472997801786505,3.4417835961750085,178,63,22,210,23.0,10,2.0,2.8,0.0016,12,38,2.1,16,42,64,21.0,17,2.6,0.008
7,0.9522623562912794,1000.0,1015.8311303429359,1.5831130342935928,17.096016214926976,1.6624757072822354,38,5,40,240,32.0,20,1.7000000000000002,2.2,0.0016,14,20,2.4000000000000004,18,32,69,19.0,16,2.6,0.005600000000000001
127,0.8582582801378899,1000.0,1011.8121697658091,1.1812169765809122,14.095553018131568,1.3762954624697998,58,5,40,130,28.0,16,1.5,2.6,0.0031,10,24,1.7000000000000002,15,31,69,20.0,20,1.3,0.0068000000000000005
148,0.8457931799551653,1000.0,1016.8899235512877,1.68899235512876,20.38819540010661,1.996933050723218,118,27,34,280,25.0,13,1.3,3.6,0.0019000000000000002,10,14,2.0,17,37,72,20.0,20,1.9,0.0038000000000000004
281,0.8225562865326068,1000.0,1022.3715870031332,2.237158700313313,28.019619355843815,2.719763664738134,45,33,34,160,30.0,18,1.9,1.8,0.0013,16,40,1.9000000000000001,10,31,58,17.0,10,2.6,0.004200000000000001
95,0.8133538052076323,1000.0,1035.6982040762841,3.56982040762841,44.58599054252477,4.389012979065253,157,12,22,250,25.0,13,1.6,2.8,0.0034000000000000002,24,26,2.2,11,33,64,15.0,20,1.6,0.004200000000000001
93,0.7600234873561477,1000.0,1016.4632192371996,1.6463219237199622,21.885746369398703,2.166146114045676,70,5,34,250,28.0,11,1.7000000000000002,3.2,0.001,12,24,2.5,12,29,60,14.0,19,2.2,0.005600000000000001
294,0.719113080665394,1000.0,1018.708648691047,1.8708648691047047,27.195799090363266,2.601628199244543,62,2,40,220,28.0,12,1.5,1.9000000000000001,0.0008,24,22,1.9000000000000001,12,37,70,12.0,17,2.4000000000000004,0.0068000000000000005
187,0.717834984316126,1000.0,1025.449771870302,2.544977187030195,36.42479617053539,3.5453512891333494,56,39,40,320,29.0,17,1.7000000000000002,2.3,0.0031,20,18,1.8,18,35,60,18.0,20,1.2,0.0052
215,0.7013563861989913,1000.0,1044.7749581423093,4.477495814230936,68.16905926381264,6.384052248382273,183,30,36,310,20.0,19,1.6,3.1,0.0013,24,34,2.4000000000000004,20,42,60,18.0,12,1.9,0.0038000000000000004
225,0.6756581644456648,1000.0,1023.4943475108478,2.349434751084778,36.49739039386509,3.477253550265824,122,2,34,180,24.0,13,1.7000000000000002,2.6,0.0018,18,24,2.4000000000000004,19,30,67,17.0,15,2.6,0.006200000000000001
273,0.6481350173680337,1000.0,1020.6940954627862,2.069409546278611,33.22507428220001,3.192867984023039,120,49,34,280,24.0,18,2.0,3.3,0.0026000000000000003,16,28,2.0,11,34,72,21.0,10,2.0,0.005600000000000001
189,0.5728072751398777,1000.0,1036.44641881693,3.6446418816930004,67.78614848251993,6.362771633448598,174,0,38,230,18.0,19,2.0,3.3,0.0029000000000000002,24,14,1.6,18,36,64,10.0,10,2.0,0.0066
116,0.5611450331876745,1000.0,1022.2433079551496,2.2243307955149616,41.720046988410786,3.963914253823638,152,8,14,320,28.0,16,1.8,2.9000000000000004,0.0008,20,22,1.8,13,33,70,17.0,13,1.5,0.0028
50,0.5359487315255081,1000.0,1019.1454560326546,1.9145456032654495,36.644263291372226,3.5722551256273065,92,32,38,160,24.0,12,2.1,3.4000000000000004,0.0028,18,32,2.4000000000000004,17,35,64,21.0,19,1.6,0.004
270,0.5352474097296592,1000.0,1023.0801031391184,2.3080103139118346,44.69986960430515,4.312043873463219,215,13,40,180,19.0,10,1.3,2.3,0.0028,18,16,2.3000000000000003,11,32,70,16.0,17,1.9,0.0076
111,0.51638507533944,1000.0,1025.547138407265,2.554713840726497,51.22428961070125,4.947303790775099,169,39,14,310,27.0,18,1.6,3.2,0.0026000000000000003,26,38,1.6,17,42,70,19.0,20,1.5,0.004
13,0.49202469122699066,1000.0,1009.9368794483661,0.9936879448366076,20.803344420032317,2.0195895908365697,36,7,36,180,32.0,18,2.2,2.4000000000000004,0.003,18,26,2.6,20,33,65,18.0,17,1.3,0.0034000000000000002
286,0.4630096643789653,1000.0,1013.1159709951719,1.311597099517181,29.309031268303215,2.8327639797247555,199,5,22,260,22.0,20,1.8,3.0,0.0026000000000000003,12,14,2.4000000000000004,20,41,71,15.0,18,2.2,0.0058
283,0.4620728878103362,1000.0,1012.3789240052977,1.237892400529761,27.235619633391366,2.6789981260226416,86,1,40,300,26.0,15,1.5,2.3,0.0034000000000000002,18,36,1.7000000000000002,14,28,64,10.0,12,2.5,0.005600000000000001
171,0.3687448796473013,1000.0,1016.1889494659179,1.6188949465917757,46.08367840637197,4.3902845461616264,150,0,22,300,26.0,12,1.2,2.8,0.0035,26,28,1.7000000000000002,20,31,69,19.0,17,1.3,0.0076
74,0.3495997378529027,1000.0,1025.2104279918958,2.521042799189588,76.12224177906978,7.2112262288089575,182,0,36,320,20.0,11,1.7000000000000002,2.6,0.0018,28,36,2.2,20,29,71,15.0,20,2.5,0.0054
10,0.3407442328578516,1000.0,1013.9359104637178,1.3935910463717782,42.830572142635106,4.089844851323259,194,87,30,150,22.0,16,1.2,3.2,0.0008,18,30,1.8,18,42,59,20.0,14,2.5,0.006
102,0.33506257183830057,1000.0,1016.1170383145682,1.6117038314568122,49.927302459296584,4.810157764307414,118,39,38,250,22.0,13,2.2,3.4000000000000004,0.0011,20,26,1.7000000000000002,14,38,68,19.0,17,2.0,0.006200000000000001
9,0.3102625777491284,1000.0,1023.9173825275699,2.391738252756981,82.90039539012798,7.708755177979887,219,45,14,240,24.0,19,1.7000000000000002,3.4000000000000004,0.0016,26,40,1.6,20,39,59,20.0,18,2.4000000000000004,0.0036
221,0.3073993949055899,1000.0,1009.0176572442879,0.9017657244287935,29.970348202819537,2.9335312280160752,80,5,22,180,30.0,10,1.9,2.9000000000000004,0.0025,18,32,2.4000000000000004,12,33,69,14.0,14,2.1,0.0036
120,0.28589069623268204,1000.0,1006.6795189545073,0.6679518954507246,23.514141122989713,2.3363890614582603,39,22,36,170,31.0,13,2.2,2.2,0.0035,18,14,2.6,17,41,63,18.0,11,2.3,0.0074
45,0.2851461678493944,1000.0,1008.3844257870753,0.8384425787075322,30.18025588174521,2.940395745210829,50,49,34,200,30.0,16,1.4,2.0,0.0023,10,36,2.4000000000000004,10,33,61,20.0,11,2.4000000000000004,0.008
184,0.2836323507760735,1000.0,1011.1058412869472,1.1105841286947138,40.7003792746541,3.9155763637537775,89,5,34,190,26.0,15,2.2,2.7,0.002,24,30,2.6,15,32,62,15.0,18,2.6,0.005
182,0.2816075497742911,1000.0,1013.3757984835786,1.3375798483578505,48.75825244746068,4.74980109528286,178,2,38,230,19.0,18,2.1,2.4000000000000004,0.0009000000000000001,18,26,2.6,19,37,58,11.0,13,2.4000000000000004,0.0068000000000000005
8,0.23073199293915653,1000.0,1008.9889729907454,0.8988972990745525,39.79588272043543,3.895850279036031,164,117,34,230,21.0,12,1.8,3.3,0.001,10,40,1.7000000000000002,12,38,60,22.0,20,1.8,0.0058
151,0.22569034876164243,1000.0,1012.3463202315072,1.234632023150728,57.01941361548836,5.470468852235483,169,183,32,160,21.0,19,1.8,3.0,0.0024000000000000002,10,14,1.6,12,39,63,22.0,17,2.0,0.0048000000000000004
194,0.22164608584599343,1000.0,1007.3740128557183,0.7374012855718259,33.8432329937026,3.326931232542474,151,51,12,170,32.0,15,1.0,2.4000000000000004,0.0026000000000000003,14,38,2.2,11,32,60,19.0,13,2.1,0.007200000000000001
30,0.2108056196076419,1000.0,1012.0143677245591,1.2014367724558994,60.996673433355454,5.699263495404209,224,4,22,240,23.0,14,1.1,2.6,0.0019000000000000002,30,30,2.2,20,41,66,15.0,10,1.3,0.0076
72,0.206711697208208,1000.0,1007.3862796362139,0.7386279636213855,36.56603926991079,3.5732277060132254,70,51,30,180,29.0,13,1.9,3.0,0.0015,22,14,2.1,17,39,72,22.0,16,1.8,0.006200000000000001
216,0.16169333169333025,1000.0,1007.4234761735338,0.7423476173533894,46.53563382513664,4.591083686501902,217,6,18,170,23.0,17,1.9,1.9000000000000001,0.0035,20,14,2.3000000000000003,12,31,71,16.0,18,2.0,0.006
145,0.13852226825194144,1000.0,1005.3322113508842,0.5332211350884242,39.68046628094419,3.8493531893270228,105,0,36,270,25.0,13,1.5,2.2,0.0018,20,36,2.1,16,30,70,15.0,18,2.0,0.0026
204,0.12529600068118815,1000.0,1005.0132702806675,0.5013270280667559,40.49609462666763,4.001141499658614,164,29,10,260,29.0,13,1.7000000000000002,2.7,0.0034000000000000002,12,40,2.2,20,35,60,20.0,14,1.5,0.0036
236,0.11398230210069163,1000.0,1004.3374740634104,0.43374740634103404,38.562902478718,3.805392577155205,174,2,36,240,19.0,20,1.8,3.5,0.0027,14,22,1.7000000000000002,14,29,66,13.0,12,2.0,0.004
98,0.10248388786448548,1000.0,1002.4876290980164,0.2487629098016475,24.48884971929317,2.427336774445822,39,0,40,190,31.0,11,1.5,3.5,0.0019000000000000002,12,38,2.0,19,31,70,16.0,18,2.4000000000000004,0.007200000000000001
192,0.09887682052617622,1000.0,1003.0539533628502,0.30539533628501925,31.44842084796437,3.0886443825746825,225,12,12,140,24.0,16,1.6,3.5,0.0023,10,34,1.6,12,29,65,16.0,20,2.4000000000000004,0.004
183,0.09759186295237028,1000.0,1004.759417851343,0.47594178513430396,49.87427352292707,4.876859307077552,251,81,22,270,21.0,15,1.4,1.8,0.0014000000000000002,16,36,1.7000000000000002,17,42,61,21.0,19,2.3,0.0032
252,0.08334311818151352,1000.0,1004.5719851815171,0.45719851815171353,56.12449620641428,5.485738092447872,71,90,34,230,28.0,20,2.0,2.0,0.0026000000000000003,28,22,1.7000000000000002,10,29,61,20.0,17,2.4000000000000004,0.0028
136,0.06615352139584918,1000.0,1003.3097218388205,0.3309721838820501,50.74047532389966,5.003092456735296,151,74,20,270,26.0,16,1.8,2.1,0.0016,18,36,2.3000000000000003,13,37,62,21.0,17,1.5,0.0026
249,0.06050438131816719,1000.0,1002.1924951227659,0.21924951227658696,36.87679444885805,3.6236964580076547,79,86,36,150,26.0,15,2.2,2.4000000000000004,0.0022,18,28,2.0,11,29,60,22.0,20,1.6,0.007200000000000001
172,0.05921245163135058,1000.0,1002.2732835530525,0.2273283553052563,39.46906072364368,3.8391984969744977,85,4,38,130,25.0,12,1.8,3.1,0.0022,28,14,2.4000000000000004,17,38,70,14.0,10,1.8,0.0036
195,0.0549642950143549,1000.0,1002.3861185303972,0.23861185303972743,45.29318103099581,4.341215565075649,134,6,34,290,23.0,16,2.2,2.2,0.0033,12,30,2.1,10,29,64,13.0,11,1.7,0.0058
84,0.05346068817202815,1000.0,1003.9813798530671,0.3981379853067013,80.78591585868287,7.447303783773891,173,44,34,120,22.0,18,1.1,3.2,0.0019000000000000002,30,36,2.6,14,37,64,20.0,15,1.3,0.006200000000000001
297,0.043644114071523174,1000.0,1001.4372738300149,0.14372738300147958,34.013315315651425,3.2931676139866597,83,14,20,140,31.0,10,1.4,2.7,0.0022,26,32,2.4000000000000004,15,34,72,20.0,12,1.7,0.0076
276,0.035046325830452106,1000.0,1002.3562407589184,0.2356240758918382,68.84063598519788,6.723217635758612,164,24,10,310,27.0,18,2.2,3.1,0.0011,22,18,1.8,19,37,67,22.0,11,2.6,0.0026
2,0.02088009876431339,1000.0,1000.6787073043151,0.06787073043150738,33.619859763861086,3.2504985343990156,176,3,10,170,29.0,16,1.5,2.6,0.0012000000000000001,16,38,2.1,11,29,64,11.0,15,2.5,0.004200000000000001
262,-0.019858200345581205,1000.0,998.9718524350524,-0.10281475649476235,54.41040198086421,5.177445826184366,70,6,30,170,29.0,18,2.1,2.9000000000000004,0.0015,30,32,1.8,16,32,69,21.0,14,1.4,0.003
131,-0.041539838137256854,1000.0,996.01579897938,-0.3984201020620026,99.54973276166618,9.591277191440518,160,14,34,220,20.0,17,2.1,3.3,0.0019000000000000002,26,22,1.7000000000000002,16,29,64,19.0,12,2.0,0.0038000000000000004
266,-0.04923299761263487,1000.0,996.7559179007719,-0.3244082099228107,65.89243508495133,6.589243508495134,41,0,34,150,31.0,17,2.2,3.6,0.0028,30,20,1.8,17,29,70,10.0,14,1.2,0.004
165,-0.05537154013511379,1000.0,996.310946365337,-0.36890536346629865,68.12867935898225,6.6623641416894195,161,114,22,150,23.0,12,2.1,3.2,0.0028,18,36,1.8,10,39,63,22.0,14,2.1,0.006200000000000001
134,-0.057447419009701746,1000.0,997.7321667436702,-0.2267833256329843,39.61228350840338,3.947667789821594,130,3,10,160,31.0,19,2.0,3.2,0.0009000000000000001,14,16,1.9000000000000001,20,33,63,16.0,19,1.2,0.0058
293,-0.058721314154792904,1000.0,998.1282327802076,-0.18717672197924307,32.600474805647195,3.187543137843169,40,36,36,130,31.0,12,1.2,2.4000000000000004,0.0018,22,32,2.3000000000000003,12,33,71,21.0,12,2.4000000000000004,0.0024000000000000002
246,-0.06118757154876325,1000.0,998.8513235200344,-0.1148676479965638,19.062731094562878,1.877303594325857,165,6,24,250,25.0,10,1.2,2.6,0.001,10,20,2.4000000000000004,16,39,72,15.0,17,2.3,0.0024000000000000002
73,-0.07285784897868995,1000.0,997.3874121252404,-0.26125878747595976,36.5774362491843,3.5858701723732582,227,12,18,270,18.0,12,1.8,3.6,0.0018,12,40,2.3000000000000003,11,36,72,17.0,10,2.3,0.0028
47,-0.08600807250147488,1000.0,997.6010036623654,-0.2398996337634518,27.999337208111683,2.789268806824359,131,5,20,310,27.0,11,2.2,2.3,0.0017000000000000001,12,32,1.6,14,37,68,16.0,16,2.3,0.0032
290,-0.12209734211166132,1000.0,989.5529118532663,-1.0447088146733674,89.86090524303279,8.5563600042821,146,95,32,280,22.0,12,2.0,3.5,0.0013,18,16,2.3000000000000003,12,39,62,21.0,18,2.4000000000000004,0.0078000000000000005
237,-0.12803229891378154,1000.0,995.1340916379579,-0.48659083620420374,39.02585778290495,3.80053189962542,72,26,34,300,28.0,20,2.0,2.0,0.0017000000000000001,22,36,1.9000000000000001,10,31,59,16.0,11,1.9,0.0058
264,-0.13280780131283204,1000.0,987.1354495818015,-1.2864550418198561,101.38232039294599,9.68659242230492,291,3,14,190,23.0,15,1.2,2.0,0.0034000000000000002,30,34,2.1,17,28,62,13.0,13,2.3,0.0024000000000000002
96,-0.13833100155541186,1000.0,992.415229940448,-0.7584770059552048,56.755647598127666,5.4830587317867305,369,64,18,270,19.0,11,1.1,2.0,0.0021000000000000003,12,36,2.1,12,36,58,19.0,18,2.0,0.004
223,-0.14121021531702,1000.0,988.6355114530618,-1.1364488546938167,83.06145620421603,8.047922398124417,184,76,34,270,20.0,19,2.0,2.6,0.0028,22,26,2.3000000000000003,11,38,70,22.0,11,1.8,0.0052
112,-0.15070878047040048,1000.0,990.308011472895,-0.9691988527104956,66.21490480352384,6.430938195408251,183,1,40,280,20.0,10,1.7000000000000002,2.1,0.0033,20,36,1.7000000000000002,18,38,60,10.0,13,2.3,0.0048000000000000004
280,-0.1623983951567742,1000.0,989.2701328506823,-1.0729867149317673,68.45747727106357,6.607126344419477,198,4,14,180,25.0,13,1.6,3.3,0.0032,26,40,2.1,10,36,70,12.0,11,1.6,0.0064
82,-0.1694256483978439,1000.0,985.1275399540076,-1.4872460045992408,91.12824851651362,8.778163274942305,133,8,36,170,21.0,12,2.2,3.5,0.0019000000000000002,26,30,2.0,12,32,72,17.0,14,2.3,0.0074
244,-0.17567372140108886,1000.0,990.7979753020745,-0.9202024697925526,53.61712924858307,5.238133868022272,119,26,22,210,27.0,14,2.1,2.5,0.0022,20,32,2.3000000000000003,13,39,72,18.0,13,1.4,0.002
48,-0.19054570862407216,1000.0,989.7538314775682,-1.0246168522431875,54.84697772072127,5.377275928394983,160,52,14,300,29.0,20,1.3,2.1,0.003,18,40,2.6,19,40,59,22.0,19,2.4000000000000004,0.0022
298,-0.19404927484236112,1000.0,989.1699179240912,-1.0830082075908742,57.816894085928425,5.581098968139265,50,131,40,230,30.0,13,1.2,3.0,0.0008,16,20,1.8,13,39,58,19.0,18,1.4,0.0026
208,-0.1976884456681109,1000.0,993.2916317391744,-0.6708368260825659,33.95764843308177,3.393404322723038,116,2,32,240,25.0,20,1.9,3.4000000000000004,0.0012000000000000001,20,14,2.3000000000000003,11,32,64,11.0,11,2.5,0.008
231,-0.20832053840691073,1000.0,995.1223136479571,-0.4877686352042887,23.85448335670867,2.3414332496181167,149,4,18,250,27.0,20,1.7000000000000002,2.4000000000000004,0.001,12,18,1.7000000000000002,19,39,64,15.0,16,1.7,0.007
295,-0.20968940630666688,1000.0,984.7470893211137,-1.5252910678886344,74.74856403880563,7.274049246235761,145,4,14,160,27.0,16,2.0,3.1,0.002,22,28,2.2,10,28,66,13.0,15,1.2,0.0076
44,-0.2174414147708701,1000.0,992.9701015093406,-0.7029898490659381,32.62062261948972,3.2330080716533094,199,6,10,140,28.0,16,1.2,3.2,0.0013,10,22,2.2,15,31,65,15.0,15,2.4000000000000004,0.0076
28,-0.2243414527721222,1000.0,994.0531252563326,-0.5946874743667396,26.95979844382066,2.650814047151604,62,15,36,310,29.0,12,1.3,2.3,0.0033,14,26,1.6,12,39,72,15.0,16,2.4000000000000004,0.006200000000000001
186,-0.23640897628145152,1000.0,980.2194239780353,-1.9780576021964702,87.73030747796679,8.367100240058301,188,13,36,210,20.0,13,1.5,2.5,0.002,28,40,1.9000000000000001,17,36,68,20.0,15,1.6,0.0068000000000000005
245,-0.2406077048973133,1000.0,991.7567551570933,-0.8243244842906727,34.844665612323524,3.4260103376260473,168,27,36,120,21.0,18,1.5,1.8,0.0018,10,38,2.6,16,41,69,21.0,14,1.3,0.0032
202,-0.24634608291796306,1000.0,990.1084066310859,-0.9891593368914098,40.98129729069478,4.01532399125183,111,20,34,220,25.0,15,1.6,2.2,0.0017000000000000001,20,32,1.9000000000000001,17,33,60,16.0,15,1.6,0.0066
210,-0.2675918101372981,1000.0,992.1058853100541,-0.7894114689945941,30.054924249724763,2.950058406457046,76,59,28,130,30.0,11,1.0,2.8,0.0028,12,34,1.8,13,36,60,18.0,12,1.7,0.0054
4,-0.2694345097521781,1000.0,987.6709741548427,-1.232902584515727,46.61827873449931,4.575889649955133,132,7,14,130,28.0,13,2.2,2.7,0.001,16,40,1.7000000000000002,16,32,65,20.0,15,1.4,0.004200000000000001
174,-0.2748131883161945,1000.0,987.4618965615639,-1.2538103438436088,46.42606628468263,4.562409655540257,124,4,18,320,29.0,20,1.6,2.9000000000000004,0.002,24,40,2.2,16,29,68,20.0,18,1.4,0.006
248,-0.27637925502512845,1000.0,988.7434568592519,-1.1256543140748088,41.92472714591065,4.072861090722833,147,4,34,220,23.0,17,1.4,2.5,0.001,16,18,2.5,11,30,59,12.0,17,1.9,0.004
157,-0.2826530089674181,1000.0,988.44545639501,-1.1554543604990086,41.83726652446683,4.087889829017175,75,1,20,260,32.0,18,1.5,3.5,0.0019000000000000002,30,38,2.6,20,40,69,14.0,19,1.9,0.0032
97,-0.28380340862651166,1000.0,990.5608388186283,-0.9439161181371669,33.76620120453731,3.325950603290219,193,36,16,250,23.0,20,2.2,3.1,0.0035,10,22,2.5,14,33,59,19.0,18,1.5,0.0028
51,-0.3037221443066162,1000.0,969.2601010325315,-3.0739898967468537,103.78814833142883,10.12105950906093,205,3,24,140,22.0,17,1.3,3.2,0.0026000000000000003,28,34,2.2,15,28,65,15.0,12,1.9,0.0032
140,-0.31669695751801014,1000.0,977.7279288814034,-2.2272071118596637,71.26609332609053,7.032612909560412,214,54,30,320,19.0,17,1.7000000000000002,3.4000000000000004,0.0019000000000000002,14,40,2.4000000000000004,20,37,60,22.0,12,1.8,0.0052
149,-0.3270698008956526,1000.0,972.4757774194375,-2.752422258056253,84.95828336115312,8.415397112539834,263,1,10,150,24.0,12,1.4,2.9000000000000004,0.0032,22,24,1.6,16,28,67,18.0,13,1.7,0.0054
129,-0.3430907010880516,1000.0,977.8044350466438,-2.2195564953356173,66.27152315135675,6.46929948347969,401,46,14,260,18.0,14,1.3,1.9000000000000001,0.0033,16,14,2.1,14,36,64,18.0,17,1.6,0.0022
238,-0.3451688035065168,1000.0,990.3831176971903,-0.961688230280966,28.034399983646267,2.7861388993191825,163,15,12,210,28.0,20,2.1,2.3,0.0011,10,36,1.8,10,30,65,15.0,18,2.0,0.007
22,-0.3463165367966926,1000.0,983.865911480739,-1.6134088519261014,48.01017592155142,4.658769306396892,103,51,26,180,28.0,15,1.3,2.6,0.002,14,34,2.6,14,35,63,22.0,11,1.2,0.0048000000000000004
242,-0.3538497734606918,1000.0,983.7238159627934,-1.6276184037206542,46.67415950970303,4.599744088578488,159,85,12,290,30.0,20,1.6,2.5,0.0018,16,26,2.1,14,41,59,19.0,15,1.3,0.0052
258,-0.3609059271878614,1000.0,987.4758622453338,-1.252413775466621,34.94453532171087,3.4701945330332724,194,0,12,190,27.0,16,1.5,2.3,0.0013,16,32,2.1,15,42,67,10.0,15,2.1,0.005600000000000001
278,-0.3626706290178024,1000.0,981.1739635759012,-1.8826036424098747,53.64100649908801,5.190945976266149,137,25,18,310,27.0,20,2.1,3.0,0.0009000000000000001,22,24,1.9000000000000001,10,39,65,14.0,15,1.2,0.004
260,-0.3648965207146476,1000.0,981.1874909141652,-1.881250908583476,51.997726608964854,5.1555737086751545,157,46,10,220,32.0,19,1.3,2.2,0.0018,14,38,2.1,10,28,60,19.0,12,2.4000000000000004,0.0026
201,-0.36569192874496675,1000.0,966.746792703815,-3.3253207296184972,92.96098388512326,9.093229760445638,212,2,14,230,22.0,13,2.1,3.3,0.0027,28,20,2.3000000000000003,11,30,62,10.0,16,1.7,0.007200000000000001
123,-0.36626672021485424,1000.0,963.2725426535544,-3.672745734644556,101.20081563923065,10.027516921248267,294,2,18,160,18.0,14,1.7000000000000002,2.2,0.0032,24,28,2.5,10,42,59,10.0,14,1.5,0.007200000000000001
37,-0.37063174689407463,1000.0,989.2710089871728,-1.0728991012827205,29.432073191736208,2.8947846758236597,143,17,34,270,24.0,13,1.2,1.8,0.0032,12,38,2.2,13,30,70,21.0,18,1.9,0.0022
197,-0.37432166403281236,1000.0,976.0626483533488,-2.393735164665123,64.68704550998109,6.394861411107887,252,0,14,310,22.0,13,2.1,2.0,0.001,18,18,2.2,20,30,69,16.0,15,1.7,0.0026
167,-0.3750993071378702,1000.0,977.0222817736422,-2.2977718226357746,62.260591095451446,6.125769306716458,202,0,24,120,22.0,16,1.3,3.2,0.0032,18,24,2.0,19,39,67,10.0,14,2.2,0.004200000000000001
178,-0.37797826423343833,1000.0,968.1484133697847,-3.1851586630215256,84.92102827296878,8.426830229196408,246,5,22,130,20.0,18,1.4,2.5,0.0034000000000000002,28,24,2.5,19,40,68,15.0,13,1.6,0.0076
83,-0.381890574340128,1000.0,977.960329274032,-2.203967072596802,59.37279030586649,5.771200497433212,136,14,30,150,25.0,11,1.2,2.5,0.0035,30,36,2.6,16,41,70,18.0,15,1.3,0.007
255,-0.38775918424954275,1000.0,979.7830233562086,-2.0216976643791407,53.37387151103087,5.21379698147414,190,19,40,130,19.0,14,1.6,2.2,0.0021000000000000003,16,34,2.4000000000000004,13,38,70,18.0,10,1.8,0.007
160,-0.3892219531947676,1000.0,967.6221663342847,-3.237783366571534,86.37412505182408,8.318604179429055,162,33,38,320,22.0,17,1.3,2.4000000000000004,0.0034000000000000002,26,22,2.4000000000000004,14,30,59,19.0,19,1.5,0.0034000000000000002
59,-0.39540377476222677,1000.0,989.827876924423,-1.0172123075577022,26.070583519161573,2.572591291444791,44,4,34,260,32.0,17,1.4,3.6,0.0021000000000000003,18,32,2.5,10,37,69,11.0,13,2.2,0.0032
196,-0.3985928805424192,1000.0,972.7127670058703,-2.7287232994129718,70.05639945954135,6.84589071360138,227,36,34,220,18.0,20,1.4,3.2,0.0023,16,24,2.4000000000000004,16,34,60,20.0,19,2.2,0.0044
68,-0.4024884474652184,1000.0,982.8444898332932,-1.71555101667068,43.50768179831971,4.262360888802732,177,4,40,150,18.0,20,1.9,2.5,0.003,14,22,2.4000000000000004,10,36,64,11.0,13,2.5,0.0078000000000000005
173,-0.4065232382815662,1000.0,985.6592144042718,-1.4340785595728267,35.66898274987773,3.5276668700045013,240,3,10,180,27.0,11,1.0,3.1,0.0019000000000000002,12,30,1.6,11,42,65,10.0,14,1.8,0.003
156,-0.40987981352920955,1000.0,991.6138301952825,-0.8386169804717514,20.683862600176553,2.046007031307455,49,0,36,280,30.0,19,1.7000000000000002,1.9000000000000001,0.003,14,30,1.9000000000000001,18,33,68,17.0,18,1.8,0.004
282,-0.4099127008305142,1000.0,986.9109890507575,-1.308901094924253,32.532584588980626,3.193121589724642,183,24,22,200,23.0,17,1.8,3.0,0.0028,12,34,1.6,13,33,65,19.0,17,1.4,0.008
168,-0.4136541927325897,1000.0,982.2312838684787,-1.7768716131521312,43.76044717867444,4.295548417904723,91,57,24,130,28.0,11,1.7000000000000002,2.7,0.0013,22,34,2.4000000000000004,14,39,59,20.0,14,1.7,0.0058
222,-0.41795251322731475,1000.0,966.4979777379283,-3.3502022262071662,81.12035093062775,8.015748488597001,137,2,16,160,30.0,16,1.0,2.6,0.0035,30,18,1.8,13,30,69,15.0,13,2.4000000000000004,0.007200000000000001
125,-0.42071011728799845,1000.0,956.2422653188169,-4.375773468118316,108.60860505336927,10.400922840471807,157,10,38,140,19.0,17,1.9,3.5,0.0008,30,30,2.5,13,39,60,14.0,16,1.2,0.0058
21,-0.4328748035200754,1000.0,984.2203660600085,-1.5779633939991489,36.78466960498986,3.6453112566667736,259,25,24,240,19.0,19,1.3,3.6,0.0027,10,32,1.7000000000000002,16,38,67,19.0,18,1.7,0.0078000000000000005
212,-0.4382904563617057,1000.0,980.0657574099018,-1.9934242590098128,46.2820992636731,4.5481808469147,236,2,36,240,18.0,13,1.3,2.6,0.0032,12,32,1.7000000000000002,18,30,63,15.0,13,1.9,0.0026
89,-0.43895032724313804,1000.0,961.5406989462514,-3.845930105374862,88.12869143650505,8.761652211377829,183,0,10,130,30.0,15,1.3,2.2,0.0033,28,20,1.7000000000000002,18,31,67,13.0,13,1.7,0.0068000000000000005
104,-0.43896309220049845,1000.0,970.4443671005056,-2.9555632899494366,68.9265984878947,6.733056474368622,159,0,40,250,20.0,12,1.6,3.5,0.003,16,30,2.4000000000000004,20,40,63,11.0,16,2.5,0.0066
124,-0.4392933062437787,1000.0,979.2921423756039,-2.0707857624396087,48.44601869258554,4.713902381409062,116,28,18,290,29.0,19,1.8,3.1,0.0011,18,20,2.0,11,28,61,16.0,20,2.4000000000000004,0.0058
163,-0.44281772953687354,1000.0,989.8607093759974,-1.013929062400254,23.12111100689947,2.2897210178569054,99,3,24,290,29.0,10,1.2,3.1,0.0034000000000000002,14,14,2.2,17,30,72,21.0,14,2.6,0.0022
85,-0.4428234731174077,1000.0,966.7521859392887,-3.324781406071131,76.7859837033717,7.50814174927357,248,39,24,270,18.0,19,1.8,2.8,0.0027,16,34,1.7000000000000002,20,41,65,21.0,14,2.2,0.0046
235,-0.4431508823999055,1000.0,986.7268345238808,-1.327316547611912,30.23925379993807,2.995179746509278,189,9,14,120,27.0,11,1.0,2.6,0.0014000000000000002,10,14,2.2,18,32,68,21.0,18,2.4000000000000004,0.0046
42,-0.4462850262174468,1000.0,960.2613260940684,-3.9738673905931554,91.9875790015401,8.904326063265538,237,21,34,270,18.0,15,1.4,3.0,0.0035,22,30,2.4000000000000004,19,42,61,17.0,13,1.6,0.0046
211,-0.448927909114643,1000.0,949.2336432643476,-5.076635673565233,118.05803974236301,11.308353903808662,169,3,36,260,21.0,16,2.0,2.3,0.0013,30,34,2.2,16,28,69,19.0,13,1.9,0.005600000000000001
279,-0.4523439195906956,1000.0,966.1531202994968,-3.3846879700503263,76.54278911353435,7.482554365079051,180,5,28,210,22.0,17,2.1,2.1,0.0035,16,18,2.0,17,40,71,15.0,14,2.3,0.0046
256,-0.45370143222159437,1000.0,975.2177093388998,-2.478229066110016,55.53053274697231,5.462246513031973,114,42,32,270,26.0,17,1.5,3.6,0.0024000000000000002,20,26,2.0,12,28,63,19.0,13,1.2,0.0076
107,-0.46781455133618544,1000.0,942.4475010728329,-5.755249892716707,127.61220511110525,12.302417435025045,191,47,28,220,21.0,15,2.2,2.3,0.001,26,34,1.7000000000000002,18,36,61,22.0,15,1.7,0.0066
291,-0.46856621418595984,1000.0,985.8580053891753,-1.414199461082466,30.231792285763277,3.0181421926447576,119,2,20,220,28.0,11,1.3,2.9000000000000004,0.0015,18,26,2.1,15,32,67,14.0,17,2.5,0.0026
180,-0.4702083047492901,1000.0,967.587558297364,-3.241244170263602,71.18004539846368,6.893209110782927,144,0,34,280,23.0,16,1.6,2.2,0.0017000000000000001,22,18,2.4000000000000004,17,31,71,13.0,14,2.5,0.0064
254,-0.47103021081128704,1000.0,956.8648952188273,-4.313510478117266,92.80527654721732,9.157608958219084,207,24,22,170,22.0,14,1.7000000000000002,2.2,0.0009000000000000001,28,32,2.5,13,38,62,17.0,16,2.6,0.0054
162,-0.4737379885485533,1000.0,985.6129749497286,-1.4387025050271451,30.369160586742623,3.036916058674262,112,0,20,250,28.0,17,1.7000000000000002,2.4000000000000004,0.0032,18,24,2.0,20,28,72,22.0,11,2.2,0.005600000000000001
29,-0.4740158644449279,1000.0,933.1362797924318,-6.686372020756826,145.86161839986175,14.10579797489808,240,53,24,200,20.0,11,1.6,1.9000000000000001,0.0035,24,20,1.9000000000000001,17,33,62,22.0,13,1.5,0.002
88,-0.48370661832585965,1000.0,957.8274971294195,-4.21725028705805,88.77211111924726,8.718611917393709,240,31,24,230,19.0,20,1.5,3.5,0.0028,20,14,2.2,14,31,59,17.0,11,2.2,0.0032
181,-0.4900091632741651,1000.0,978.1522730772624,-2.184772692273762,45.24568154610165,4.458636401155134,88,3,18,260,32.0,10,1.8,3.1,0.0021000000000000003,26,30,1.8,16,31,62,13.0,15,2.2,0.0024000000000000002
128,-0.49137206989284415,1000.0,943.677450488427,-5.6322549511573,118.26069423512763,11.46230177955689,213,25,30,160,18.0,15,1.8,2.8,0.0034000000000000002,30,18,2.6,17,39,65,20.0,12,2.4000000000000004,0.0028
33,-0.4972605021516438,1000.0,980.8147128658193,-1.9185287134180773,39.260178679614796,3.8581964686851515,72,5,30,150,29.0,14,1.8,2.7,0.0029000000000000002,22,24,2.2,14,36,60,13.0,16,2.2,0.008
5,-0.4986804229905606,1000.0,977.3767183552354,-2.262328164476457,46.36070681234662,4.536629192117454,77,9,32,180,28.0,14,2.1,2.0,0.0027,30,18,2.4000000000000004,13,30,65,16.0,14,2.6,0.006
133,-0.4988511290468184,1000.0,964.4587603292623,-3.5541239670737745,73.17184116092949,7.124618468569631,139,31,32,310,24.0,14,2.0,1.9000000000000001,0.001,30,34,2.2,15,36,70,21.0,20,1.4,0.008
14,-0.5074065708322905,1000.0,940.1104315091,-5.988956849089999,121.03664651015379,11.80307310420993,155,3,24,140,23.0,10,1.9,3.5,0.0015,28,20,1.6,11,39,68,10.0,13,1.3,0.0076
176,-0.5116965198908662,1000.0,972.2021043060769,-2.7797895693923103,55.59264133506156,5.432496531313482,187,22,34,190,21.0,17,1.5,2.2,0.0016,16,36,1.7000000000000002,10,40,68,16.0,19,2.4000000000000004,0.0078000000000000005
25,-0.5149600787646698,1000.0,988.2662900335583,-1.173370996644163,22.83926754930451,2.278566912330264,78,1,22,320,31.0,14,1.8,3.3,0.0016,10,16,2.6,16,41,62,10.0,10,1.7,0.0068000000000000005
135,-0.5152856067799186,1000.0,978.9578841372153,-2.1042115862784705,41.03827099989917,4.08358308206577,233,0,18,260,23.0,15,1.7000000000000002,2.0,0.0026000000000000003,14,30,2.1,16,33,68,14.0,13,1.3,0.002
218,-0.5210786349729861,1000.0,944.1009709882296,-5.589902901177036,110.9288129718957,10.727561112665516,165,9,24,290,22.0,12,2.2,3.2,0.0026000000000000003,24,30,2.4000000000000004,11,37,59,14.0,18,2.5,0.004200000000000001
213,-0.5323213219721938,1000.0,976.443862294188,-2.3556137705811997,44.93422541878556,4.4251726792642865,131,1,26,270,26.0,20,1.5,3.0,0.0027,22,32,1.7000000000000002,15,33,71,17.0,19,1.4,0.007200000000000001
99,-0.5346059829393183,1000.0,967.3326505760473,-3.2667349423952663,61.22014510952124,6.110546919872509,124,5,10,310,32.0,20,2.1,2.6,0.0008,14,22,2.0,15,33,58,12.0,12,2.1,0.006200000000000001
240,-0.53478521713845,1000.0,950.853412367399,-4.914658763260105,94.22155530088082,9.18996749677872,240,1,14,270,25.0,18,1.5,1.9000000000000001,0.0023,28,18,2.1,12,32,70,11.0,19,2.2,0.0066
198,-0.5357330946387153,1000.0,965.8136674463675,-3.418633255363246,64.43602002552348,6.3812246985948935,262,12,14,120,22.0,17,1.5,2.6,0.0011,14,16,1.8,16,35,66,18.0,18,1.8,0.0026
12,-0.5358822018943473,1000.0,974.2504716954243,-2.5749528304575775,48.83577661337836,4.8050724979391015,202,14,24,300,19.0,11,2.1,3.3,0.0034000000000000002,12,38,2.4000000000000004,12,30,68,17.0,18,1.4,0.0036
220,-0.5363197424624596,1000.0,956.3491492044243,-4.3650850795575735,82.5923127754902,8.138960276785099,114,1,14,260,31.0,11,2.2,2.5,0.0014000000000000002,28,36,2.1,19,38,64,12.0,19,1.4,0.007
284,-0.541651690680944,1000.0,968.0622623758599,-3.1937737624140095,60.19213126345835,5.896360737652121,100,67,22,190,28.0,13,2.0,2.4000000000000004,0.0016,30,26,2.4000000000000004,10,41,70,22.0,20,1.2,0.005
106,-0.5419838865829676,1000.0,971.9602108025156,-2.80397891974844,52.87403285715948,5.1735466480869325,61,8,30,170,30.0,19,1.7000000000000002,2.9000000000000004,0.001,22,40,1.7000000000000002,13,34,67,16.0,18,1.3,0.0044
299,-0.5451657335412278,1000.0,959.6781864782249,-4.032181352177511,75.74667039742258,7.396248707683275,63,0,32,320,30.0,10,1.6,2.6,0.0032,26,32,1.6,19,28,68,11.0,20,2.5,0.002
247,-0.552640948125145,1000.0,939.4446399684973,-6.055536003150264,110.84229005134239,10.957450807244552,309,4,16,280,20.0,20,1.6,2.0,0.0026000000000000003,28,14,2.2,20,30,61,14.0,14,2.5,0.004
66,-0.5526951588835521,1000.0,952.9020652169534,-4.709793478304669,87.83508180529986,8.521503043049053,264,78,34,290,18.0,17,1.1,2.8,0.0016,20,16,2.2,18,41,58,20.0,18,1.9,0.0046
92,-0.5553095453520746,1000.0,944.1035672320875,-5.589643276791256,101.87414488034335,10.065815226077806,94,14,32,280,27.0,11,1.7000000000000002,3.4000000000000004,0.0015,28,14,2.6,18,32,65,20.0,10,1.2,0.005
57,-0.5668289284826037,1000.0,950.782179487752,-4.921782051224799,87.43924782881322,8.683011405928713,272,0,10,300,22.0,17,1.7000000000000002,3.2,0.0018,14,14,2.0,17,29,71,11.0,16,1.9,0.0024000000000000002
69,-0.5689798385072176,1000.0,965.8036535843117,-3.419634641568825,60.62859476104643,6.010115666911187,329,20,16,260,19.0,20,1.2,3.3,0.003,18,30,2.0,16,41,65,17.0,13,1.9,0.0054
24,-0.5772491258541053,1000.0,955.5765546249786,-4.442344537502141,78.35611484292792,7.695714620492825,368,46,10,290,22.0,20,1.1,2.2,0.0016,12,16,2.4000000000000004,12,32,62,19.0,13,2.3,0.004
234,-0.5802239290784555,1000.0,954.8677184600527,-4.5132281539947305,78.7396058647771,7.778424721577572,120,22,14,280,32.0,10,1.5,2.8,0.0012000000000000001,22,40,2.5,16,33,66,20.0,12,2.4000000000000004,0.005
224,-0.583078777061245,1000.0,976.8226173687272,-2.317738263127289,39.75000213193903,3.975000213193903,146,3,26,230,25.0,17,1.5,3.6,0.0008,12,36,2.3000000000000003,20,38,69,15.0,11,2.4000000000000004,0.0054
91,-0.5850625957612975,1000.0,963.1333743590382,-3.686662564096188,64.2648888204634,6.301313040357698,214,0,24,300,23.0,10,1.2,2.6,0.0009000000000000001,14,36,2.2,18,29,69,11.0,17,1.9,0.0068000000000000005
75,-0.5888915314798402,1000.0,989.2472144365508,-1.0752785563449163,18.320351630599134,1.8259365245800394,71,4,34,220,28.0,17,1.8,1.9000000000000001,0.0027,12,20,2.6,20,42,62,13.0,11,1.8,0.0026
146,-0.5931493896009462,1000.0,971.548141821756,-2.8451858178244027,47.967440710654046,4.796744071065405,127,16,30,190,25.0,11,1.4,3.2,0.0015,14,16,1.6,14,34,71,19.0,16,1.5,0.008
263,-0.5989942368957365,1000.0,953.179853441746,-4.682014655825406,78.62538274765598,7.8164602719548,324,2,10,300,24.0,19,1.0,2.3,0.0027,20,38,2.5,13,38,67,11.0,17,1.4,0.004
65,-0.599989278176443,1000.0,973.4110396066048,-2.65889603933952,44.77389320111661,4.43157258979818,262,2,14,270,23.0,16,1.5,2.8,0.0029000000000000002,12,40,1.8,15,34,69,17.0,14,2.2,0.008
132,-0.6001789234534677,1000.0,936.9981011411085,-6.300189885889152,107.5451569251253,10.497186155150965,193,16,30,150,19.0,15,2.0,2.7,0.0017000000000000001,24,32,2.2,12,39,65,15.0,17,1.2,0.0066
55,-0.600439920468212,1000.0,947.6977574131946,-5.230224258680538,88.056898555992,8.710653772990485,230,16,20,180,21.0,17,1.4,3.6,0.0032,26,32,2.0,11,41,61,14.0,13,1.7,0.003
227,-0.6037993381098624,1000.0,963.9274595124411,-3.6072540487558813,60.00353110450135,5.974259693705617,267,38,18,320,22.0,12,1.4,2.0,0.0028,20,22,1.7000000000000002,15,38,72,20.0,12,1.2,0.0044
11,-0.6090787152226185,1000.0,961.6619114403928,-3.8338088559607186,63.976623874670054,6.294439060408571,171,6,22,160,23.0,12,1.8,3.4000000000000004,0.0008,28,24,2.3000000000000003,10,29,72,15.0,14,1.5,0.0022
141,-0.6167741644197683,1000.0,951.3918924445193,-4.860810755548073,79.1473323624117,7.8810219946889175,221,2,12,150,26.0,12,1.4,2.3,0.0013,20,36,1.9000000000000001,15,36,72,14.0,11,1.6,0.0032
214,-0.6173162060481482,1000.0,958.8463762564294,-4.115362374357057,67.81239714402352,6.6665386944921305,106,78,28,310,27.0,11,2.0,2.2,0.0018,12,20,2.0,11,30,63,21.0,12,2.0,0.0044
138,-0.6257778257417338,1000.0,975.361280879949,-2.4638719120051,39.841872743963904,3.937295012146963,87,12,28,170,29.0,20,1.2,2.9000000000000004,0.0024000000000000002,16,16,1.9000000000000001,12,31,70,17.0,10,1.7,0.0054
243,-0.6258156904243971,1000.0,942.0639974803953,-5.7936002519604735,95.19879420429538,9.257678164047855,358,38,12,170,21.0,18,1.0,3.0,0.001,24,40,2.0,14,33,59,18.0,17,1.2,0.004200000000000001
190,-0.6260156392781541,1000.0,960.2775769285906,-3.9722423071409385,64.71998719904343,6.34527647220004,189,4,26,290,22.0,10,1.8,3.1,0.0033,14,16,1.7000000000000002,18,30,61,13.0,19,2.0,0.0036
76,-0.6302558936930073,1000.0,966.0654691027994,-3.3934530897200554,54.56588175540173,5.384246499998586,382,4,16,260,20.0,14,1.0,1.9000000000000001,0.0018,10,22,2.1,15,34,60,13.0,18,1.8,0.005600000000000001
0,-0.6345329844496767,1000.0,985.1773623348809,-1.4822637665119154,23.447983147788023,2.3359916707836175,127,1,16,120,29.0,14,1.3,2.5,0.0012000000000000001,12,34,2.4000000000000004,11,37,64,10.0,10,1.3,0.0032
36,-0.6383624416133447,1000.0,959.0131658582072,-4.098683414179272,65.72035037648357,6.420621181629353,254,49,24,210,21.0,13,1.2,1.8,0.0009000000000000001,16,28,2.5,11,35,64,20.0,19,1.5,0.0064
169,-0.6391907531126376,1000.0,930.6255520403733,-6.937444795962666,111.29889231872642,10.853481159074521,251,69,24,190,20.0,17,1.2,3.2,0.0031,28,24,2.2,18,42,65,22.0,18,2.4000000000000004,0.006200000000000001
17,-0.6459536532147857,1000.0,966.8614692605261,-3.3138530739473926,51.77279926615233,5.130171580352538,195,3,30,150,21.0,13,1.3,3.5,0.0022,14,26,1.8,14,35,61,11.0,17,2.4000000000000004,0.0074
219,-0.6462155784182441,1000.0,940.314923060392,-5.968507693960801,93.23739963704077,9.236093794844821,217,42,12,260,26.0,13,1.6,2.1,0.0031,30,38,1.9000000000000001,14,41,58,17.0,14,1.7,0.0074
193,-0.6582098616890609,1000.0,947.3320338714955,-5.266796612850455,80.59694385420016,8.001698120011602,108,99,16,280,32.0,10,1.3,2.4000000000000004,0.0035,28,28,2.0,10,42,59,20.0,14,2.6,0.0054
143,-0.6587549833702127,1000.0,896.5949372479993,-10.340506275200067,162.19717160994287,15.697044479720956,315,13,30,300,18.0,10,1.1,1.9000000000000001,0.0028,28,22,2.6,13,40,67,16.0,19,2.2,0.002
250,-0.6594105504897811,1000.0,966.4912582329549,-3.3508741767045103,50.953844733852634,5.0816205082184815,154,0,12,180,31.0,15,1.2,2.0,0.003,16,24,2.2,18,28,68,14.0,14,2.5,0.003
58,-0.6634913789609728,1000.0,961.2173557772956,-3.87826442227045,58.587100041328085,5.845237097645203,361,8,12,160,20.0,19,1.4,2.0,0.0015,12,30,2.2,19,37,70,19.0,13,2.4000000000000004,0.0052
288,-0.6644788323944815,1000.0,959.6853407254769,-4.031465927452316,61.21966186070631,6.06710963677313,128,14,18,280,30.0,13,1.0,3.0,0.0029000000000000002,20,34,1.8,10,38,65,14.0,14,2.6,0.0046
188,-0.6685424518525471,1000.0,972.9015922090302,-2.7098407790969725,40.65874093672187,4.053356330010067,161,1,12,140,31.0,20,1.0,1.8,0.0021000000000000003,14,40,2.6,13,29,69,12.0,10,1.5,0.0052
205,-0.6690020295713095,1000.0,950.2471869832245,-4.975281301677548,75.2368084099503,7.436870266097194,124,12,18,250,30.0,16,1.1,3.2,0.0027,24,32,2.2,18,36,72,21.0,16,2.0,0.0022
121,-0.6704377934107453,1000.0,970.7627520102448,-2.9237247989755244,43.85901127801435,4.360918832009069,304,31,16,210,19.0,12,1.4,3.2,0.0024000000000000002,14,40,2.2,11,42,61,17.0,15,2.6,0.002
114,-0.6719804676657868,1000.0,948.9642284519928,-5.10357715480072,76.93010580691714,7.594829612427087,258,6,14,220,19.0,18,2.0,3.0,0.0017000000000000001,18,36,2.6,19,41,60,15.0,11,2.1,0.006200000000000001
122,-0.6723197812369677,1000.0,982.7404466530124,-1.7259553346987588,25.875716115478667,2.5671642912592274,106,2,36,130,24.0,18,1.5,2.5,0.002,12,24,1.9000000000000001,10,33,72,11.0,20,1.7,0.007
274,-0.6741743563336713,1000.0,968.3246589028972,-3.1675341097102794,47.24540254762826,4.698390082553899,114,0,18,150,30.0,17,1.2,2.3,0.0014000000000000002,16,18,1.6,16,29,68,16.0,13,2.5,0.006
67,-0.6773774192787196,1000.0,941.7118315119772,-5.828816848802287,86.91333194875915,8.604976609655644,182,1,12,180,26.0,15,1.9,3.3,0.0028,24,38,1.6,13,32,66,12.0,14,1.9,0.0076
265,-0.677477907965392,1000.0,959.901206726574,-4.0098793273426026,60.31147939236166,5.918834075911213,56,37,32,200,30.0,11,2.1,1.8,0.0009000000000000001,22,28,2.2,12,42,64,17.0,16,1.7,0.0054
241,-0.6781711578116046,1000.0,979.1872319411538,-2.0812768058846243,30.749885079193177,3.068955059369837,153,0,16,190,29.0,18,1.0,1.9000000000000001,0.0035,10,20,1.6,17,33,64,12.0,12,2.6,0.008
228,-0.6795177284106059,1000.0,973.6234861177705,-2.63765138822295,38.8935846305701,3.881652056955784,181,68,28,190,24.0,20,1.1,2.1,0.0008,16,28,1.7000000000000002,12,37,61,18.0,20,1.9,0.002
199,-0.6804520877828004,1000.0,909.8138971258197,-9.018610287418028,133.67246844239378,13.25385056397499,316,0,10,140,23.0,18,1.1,2.8,0.0035,22,14,2.0,16,34,70,11.0,18,2.6,0.0034000000000000002
269,-0.6809018676360942,1000.0,908.0677144021929,-9.193228559780708,140.05070081459712,13.501546987522731,247,1,28,210,21.0,11,1.0,3.0,0.0026000000000000003,26,40,2.3000000000000003,12,28,63,10.0,16,1.3,0.0038000000000000004
43,-0.6810858541237793,1000.0,978.7401811099945,-2.12598188900055,31.535340953009722,3.121459469651792,91,1,40,120,24.0,15,2.0,3.0,0.0031,14,40,2.3000000000000003,12,37,66,10.0,16,2.1,0.005600000000000001
80,-0.6818616399246403,1000.0,944.7303192734801,-5.526968072651995,81.05703194071509,8.10570319407151,143,9,10,300,31.0,20,2.2,1.9000000000000001,0.0027,24,40,2.0,13,37,70,15.0,13,2.2,0.0032
54,-0.6830659418268429,1000.0,944.2889927376016,-5.571100726239841,83.20397428889748,8.156021820294642,75,75,32,250,29.0,18,1.5,2.9000000000000004,0.003,24,22,2.0,14,31,59,21.0,13,1.7,0.0026
253,-0.6852219118803338,1000.0,912.6297647507602,-8.73702352492398,129.61930244916311,12.750648181913077,328,20,14,220,19.0,10,1.7000000000000002,1.9000000000000001,0.0013,28,26,2.2,17,28,64,20.0,16,1.4,0.004200000000000001
38,-0.6863239182599357,1000.0,919.3107242830024,-8.068927571699758,117.9939972837443,11.756733747757519,126,10,24,150,25.0,12,2.2,3.2,0.0029000000000000002,26,30,2.5,15,40,72,17.0,19,2.5,0.0066
103,-0.6884710465322067,1000.0,933.2976297769314,-6.670237022306857,99.10829116529851,9.688478630879974,194,24,28,130,21.0,16,1.9,1.9000000000000001,0.0008,16,22,1.9000000000000001,12,40,62,14.0,15,1.3,0.002
296,-0.6898238764364364,1000.0,951.6679377446334,-4.833206225536657,71.18792268754623,7.006435107037079,193,25,30,280,21.0,10,2.0,1.8,0.0028,16,20,2.1,14,30,59,16.0,18,2.1,0.0038000000000000004
61,-0.693873103994189,1000.0,943.37366067822,-5.662633932178007,83.29109622970145,8.160907087451296,94,29,28,210,29.0,17,1.1,2.5,0.0016,30,32,2.6,13,34,59,18.0,13,2.2,0.0028
56,-0.6963975691185279,1000.0,976.9398067193388,-2.3060193280661223,33.436771792952754,3.3113546490189347,81,74,28,120,29.0,18,1.2,2.6,0.0009000000000000001,10,30,2.0,12,38,71,22.0,17,1.3,0.0074
259,-0.6970205032415826,1000.0,949.5514675253302,-5.044853247466985,72.87818040063769,7.237740100908442,246,6,18,300,21.0,17,1.8,2.7,0.0013,24,14,1.7000000000000002,10,31,67,13.0,10,2.0,0.005
23,-0.7043964720773855,1000.0,958.464358494365,-4.153564150563504,59.22322140443703,5.896628270033684,160,37,16,140,26.0,13,1.8,2.6,0.0012000000000000001,20,16,1.9000000000000001,15,32,60,17.0,18,2.3,0.0038000000000000004
239,-0.7094147126048751,1000.0,956.0778525981093,-4.392214740189071,62.9730540770297,6.191321750378493,157,9,26,170,23.0,12,2.1,2.6,0.0031,12,38,1.6,15,40,64,14.0,18,1.3,0.0036
18,-0.7100939871752492,1000.0,968.6011553908736,-3.1398844609126453,44.47836819818349,4.421787140323624,158,14,16,130,28.0,18,1.0,2.0,0.0032,16,18,2.2,17,35,61,16.0,10,1.4,0.0044
15,-0.7134677012230142,1000.0,927.7831880087787,-7.221681199122132,102.23156969742558,10.12194551588369,366,41,12,220,19.0,18,1.3,2.6,0.0029000000000000002,24,20,2.4000000000000004,12,39,72,19.0,19,1.9,0.0034000000000000002
230,-0.7137289226658203,1000.0,945.0952616149611,-5.490473838503885,76.92659865872656,7.692659865872656,147,17,28,160,24.0,12,2.0,2.2,0.001,26,32,1.6,19,38,60,17.0,15,2.3,0.0032
164,-0.7160782992908387,1000.0,929.6095234608229,-7.039047653917718,100.10592586290227,9.829997167752147,240,0,10,210,27.0,19,1.1,2.8,0.0017000000000000001,24,34,2.4000000000000004,18,35,72,12.0,18,1.9,0.0036
147,-0.7180459307543243,1000.0,971.7103310524188,-2.8289668947581115,39.398132815629424,3.939813281562942,72,0,20,220,32.0,19,2.1,2.8,0.0014000000000000002,14,28,2.4000000000000004,17,35,72,14.0,17,1.2,0.0024000000000000002
26,-0.7201407579768627,1000.0,938.9951117357984,-6.100488826420158,85.16390365245184,8.47124504320329,196,9,18,320,22.0,12,2.1,3.2,0.0025,22,30,1.6,11,29,72,21.0,12,2.0,0.0022
209,-0.720446236559131,1000.0,925.8165315673159,-7.4183468432684085,103.58497363421475,10.296877777720953,235,67,18,230,22.0,15,1.7000000000000002,2.4000000000000004,0.0024000000000000002,24,24,2.3000000000000003,11,35,69,21.0,17,1.7,0.0024000000000000002
175,-0.7212224597194016,1000.0,957.9346349707996,-4.206536502920044,59.26864290085064,5.832509021636177,192,61,32,150,20.0,18,1.6,3.4000000000000004,0.0012000000000000001,16,40,1.6,10,32,65,20.0,18,1.8,0.0054
110,-0.721481869616104,1000.0,893.3105350103632,-10.668946498963683,152.93815581268677,14.787546227101398,271,6,26,300,18.0,15,1.8,2.0,0.0017000000000000001,24,28,1.6,10,33,71,14.0,11,2.2,0.0074
277,-0.7242342446408292,1000.0,972.4620435580625,-2.753795644193746,38.35019784644419,3.802354921175318,111,0,16,210,31.0,18,1.5,3.1,0.0016,22,34,2.3000000000000003,19,37,65,10.0,12,1.6,0.0044
200,-0.72707367177403,1000.0,931.4547475409194,-6.854525245908061,94.27552546612367,9.427552546612366,268,32,20,240,20.0,12,1.4,2.7,0.0016,24,18,1.7000000000000002,12,34,62,16.0,14,1.9,0.007
207,-0.729649693739398,1000.0,961.7218481879368,-3.827815181206329,53.07976165857758,5.246099894305544,57,21,34,220,30.0,16,1.1,1.8,0.0011,18,20,2.4000000000000004,18,36,67,21.0,19,1.5,0.0048000000000000004
20,-0.7316767193232782,1000.0,917.4604549001315,-8.25395450998685,113.71238372829748,11.280876228535554,268,0,12,220,18.0,10,1.9,3.3,0.0024000000000000002,26,18,1.6,18,29,71,12.0,11,2.1,0.0024000000000000002
63,-0.7380675533295316,1000.0,880.1852942607088,-11.981470573929121,168.60182874325415,16.23356902749476,153,60,40,260,19.0,19,1.0,3.1,0.0031,20,32,2.0,10,29,61,20.0,19,2.1,0.008
267,-0.7383907364508606,1000.0,954.0323255360063,-4.596767446399374,63.31952900852184,6.225386126177771,271,11,26,150,19.0,15,1.2,3.0,0.0013,12,30,1.7000000000000002,15,37,67,17.0,10,1.8,0.008
118,-0.7414417650608016,1000.0,921.635643097894,-7.836435690210597,106.12368144555455,10.56918568590208,242,2,18,170,20.0,19,2.2,2.3,0.0031,24,14,2.2,15,38,69,13.0,17,2.1,0.0038000000000000004
272,-0.7529338935259292,1000.0,865.0189968596464,-13.498100314035355,186.94542736731717,17.92733788463796,236,3,26,300,18.0,12,2.2,2.1,0.001,30,24,2.4000000000000004,16,40,67,13.0,18,1.2,0.007200000000000001
77,-0.7552946992907599,1000.0,918.9837279165954,-8.101627208340457,107.64299475883092,10.72644520866899,220,15,20,170,20.0,11,1.9,3.0,0.0027,30,20,2.3000000000000003,19,30,61,17.0,20,1.6,0.0048000000000000004
101,-0.7599253148224393,1000.0,920.5305266247204,-7.946947337527954,106.86610534834938,10.457537316525377,117,33,30,300,27.0,11,1.0,2.2,0.0013,28,14,2.6,11,32,65,20.0,16,1.9,0.0058
275,-0.7634194818543482,1000.0,929.0997230975148,-7.090027690248524,93.43234394485637,9.287197744845109,227,0,18,310,22.0,15,2.1,2.0,0.001,22,30,2.2,18,33,71,14.0,18,1.9,0.0078000000000000005
70,-0.7680007688536015,1000.0,968.238306866926,-3.1761693133073976,41.56667433796895,4.135632986472762,256,43,18,240,21.0,19,1.8,2.2,0.0035,12,22,2.2,15,42,70,18.0,14,2.5,0.002
161,-0.7689193671064105,1000.0,930.4249206981663,-6.957507930183371,91.65015915032586,9.048423316954278,355,6,12,280,21.0,20,1.3,1.9000000000000001,0.0011,22,24,2.3000000000000003,11,38,70,12.0,10,2.0,0.0078000000000000005
261,-0.7693945480984966,1000.0,956.2784566056688,-4.372154339433121,57.53884445851861,5.682590746501371,139,8,32,140,23.0,20,1.6,3.6,0.0011,20,22,2.1,12,30,69,16.0,20,1.9,0.006
108,-0.774258799188437,1000.0,902.7390173865591,-9.726098261344085,126.56670046296006,12.561818182161819,315,28,18,190,19.0,12,1.4,2.4000000000000004,0.0013,28,18,2.6,11,30,70,20.0,17,1.9,0.0068000000000000005
139,-0.774358115636459,1000.0,942.974339720977,-5.7025660279023,74.72483299392184,7.364249063516636,66,1,32,260,30.0,18,1.2,2.0,0.001,18,26,2.3000000000000003,18,34,70,16.0,19,1.3,0.0028
285,-0.7758324642543488,1000.0,927.9169842056951,-7.208301579430487,93.7606822325182,9.291054333951303,265,2,18,320,20.0,19,2.2,1.8,0.0015,18,32,2.0,20,32,64,16.0,15,1.9,0.0036
62,-0.782984634402572,1000.0,872.9816898227491,-12.701831017725084,168.70280589893525,16.222324755346897,278,11,26,160,19.0,10,1.2,2.7,0.0027,28,22,2.3000000000000003,11,35,69,14.0,16,1.6,0.0052
60,-0.7844948766340427,1000.0,946.9678470366745,-5.303215296332553,68.46811247869925,6.760038152303241,238,15,26,140,20.0,13,1.2,3.5,0.001,14,14,2.2,17,39,67,17.0,14,1.2,0.0034000000000000002
27,-0.7847790792764061,1000.0,960.5035149174702,-3.9496485082529786,50.56324008323372,5.032815747196897,116,0,32,300,26.0,12,1.6,2.2,0.0009000000000000001,18,24,1.6,15,31,68,13.0,20,1.3,0.004200000000000001
153,-0.7877822399702303,1000.0,829.3128691992137,-17.068713080078634,226.29789561077394,21.66679091511843,107,3,40,300,22.0,17,1.0,2.9000000000000004,0.0018,30,16,2.2,19,32,70,21.0,20,1.2,0.0058
53,-0.7889450077743146,1000.0,950.1712974271222,-4.982870257287775,64.03705615617207,6.31586512137887,96,24,24,270,28.0,17,1.7000000000000002,1.8,0.001,18,20,2.2,13,32,68,19.0,15,1.9,0.0054
159,-0.7922544528118055,1000.0,922.0847917220013,-7.79152082779987,100.32994714780352,9.834619168307396,198,7,26,210,19.0,19,2.0,3.5,0.002,22,40,2.1,12,32,58,14.0,11,1.7,0.0078000000000000005
206,-0.7981381528959209,1000.0,963.7749476598658,-3.622505234013418,45.682618544174375,4.538694486499257,106,10,32,290,27.0,20,1.1,2.1,0.0032,16,34,2.6,15,30,68,19.0,10,2.1,0.006
19,-0.8042668532847871,1000.0,887.4702602912255,-11.252973970877456,141.16191462007941,13.991592373747661,313,4,10,240,22.0,17,1.4,3.1,0.003,26,34,2.3000000000000003,12,31,62,13.0,10,2.1,0.0066
100,-0.8053827794607571,1000.0,835.8106682733967,-16.41893317266033,211.5954145443991,20.386496447879857,160,3,34,140,20.0,20,1.0,2.0,0.0031,26,20,2.2,16,35,63,12.0,15,1.6,0.0066
90,-0.805566946332945,1000.0,937.3386026863335,-6.266139731366649,78.20923754411774,7.778546227462542,363,1,18,310,18.0,14,1.2,2.2,0.0025,18,38,1.8,11,38,71,10.0,12,1.2,0.004200000000000001
191,-0.8055754024890743,1000.0,949.8462480865466,-5.015375191345339,62.77407797785543,6.225829606823628,63,0,32,200,30.0,16,1.1,2.9000000000000004,0.002,24,32,1.9000000000000001,13,32,68,11.0,20,2.5,0.006
117,-0.8114986644745641,1000.0,916.0188710486794,-8.398112895132058,104.3679236836449,10.3488930577227,198,21,18,140,22.0,11,1.8,3.5,0.0034000000000000002,26,14,2.6,15,42,70,19.0,12,2.1,0.0044
1,-0.8134001119149321,1000.0,920.1987149197981,-7.98012850802019,99.62476506995529,9.810827895306186,113,13,24,280,27.0,10,1.8,2.4000000000000004,0.003,30,36,2.4000000000000004,16,31,65,19.0,14,2.4000000000000004,0.0074
16,-0.8149566565536135,1000.0,855.3223890107088,-14.467761098929122,183.3142608387186,17.752798240966737,123,65,40,250,21.0,11,1.1,3.1,0.0019000000000000002,22,26,2.3000000000000003,10,38,68,20.0,11,1.2,0.0044
170,-0.8241453375427854,1000.0,934.6648628777743,-6.533513712222561,80.19361749175118,7.927623217165109,101,3,22,190,28.0,19,2.2,2.0,0.0024000000000000002,24,30,2.1,11,42,67,11.0,10,2.5,0.0054
64,-0.8270971193937796,1000.0,918.7945974429119,-8.120540255708807,99.38295737322858,9.818121796459348,176,4,10,200,27.0,10,2.2,2.3,0.0023,26,34,2.3000000000000003,14,30,67,16.0,20,2.5,0.005
31,-0.8278181679642455,1000.0,965.8659595561405,-3.413404044385948,41.319018673884784,4.123374161719748,128,1,26,170,27.0,14,1.0,2.1,0.0027,22,24,2.1,16,37,66,11.0,16,2.6,0.005600000000000001
152,-0.828874019593113,1000.0,937.9787927217945,-6.202120727820548,75.4610492290127,7.482585509032017,102,3,18,310,32.0,18,1.2,2.8,0.0027,20,18,2.2,19,39,71,14.0,19,1.7,0.0052
79,-0.8321985123439554,1000.0,910.7739935759396,-8.922600642406042,107.2172145234291,10.72172145234291,175,2,28,180,24.0,17,1.1,2.5,0.002,28,24,2.5,14,39,62,10.0,20,1.8,0.0036
46,-0.8481540256702225,1000.0,923.2143215582507,-7.678567844174921,91.27075321546818,9.053270528436407,367,25,12,120,21.0,13,1.0,2.2,0.0015,14,28,2.6,11,37,61,17.0,14,2.4000000000000004,0.004200000000000001
257,-0.8490126883240138,1000.0,937.9182789775718,-6.2081721022428145,73.68279689299914,7.312225350245358,67,3,26,130,30.0,17,1.8,2.9000000000000004,0.0032,28,20,1.8,11,31,68,13.0,14,2.0,0.007200000000000001
158,-0.8532892783729883,1000.0,964.8123461236562,-3.5187653876343816,41.2731555257667,4.123766085920823,131,2,24,200,26.0,14,1.3,2.7,0.0032,18,36,1.9000000000000001,17,33,65,15.0,18,2.6,0.0078000000000000005
226,-0.8533794449980987,1000.0,940.8692201195606,-5.913077988043936,70.04648946174655,6.92901384337551,242,21,12,130,19.0,20,2.2,3.2,0.0008,12,40,1.8,17,35,58,16.0,13,2.3,0.0078000000000000005
271,-0.8595477364425532,1000.0,956.0607827216788,-4.393921727832117,51.305482581220986,5.1118995973596855,91,13,26,140,28.0,18,1.6,2.3,0.0019000000000000002,22,24,1.8,17,28,62,17.0,17,1.6,0.0034000000000000002
179,-0.8631945562271265,1000.0,934.1377570340026,-6.586224296599741,76.98253377688775,7.630057730422888,277,14,18,280,21.0,16,1.4,2.6,0.0009000000000000001,26,32,1.8,20,38,64,18.0,17,1.2,0.004200000000000001
86,-0.8645822493193577,1000.0,941.9919538637307,-5.800804613626931,67.38238092798929,6.709372784594657,297,12,16,160,18.0,10,1.4,3.3,0.0011,12,20,2.4000000000000004,12,34,65,15.0,20,2.3,0.0064
40,-0.8653690362354288,1000.0,944.9825135172414,-5.5017486482758615,63.57690670571992,6.3576906705719916,139,3,24,200,25.0,11,2.1,2.7,0.0015,18,24,2.1,18,29,60,12.0,13,1.8,0.0064
32,-0.8687407206953494,1000.0,899.3850951621785,-10.061490483782155,116.64997234273187,11.581695486460944,314,2,22,200,18.0,16,1.0,3.4000000000000004,0.0033,26,34,2.6,13,33,64,11.0,20,2.6,0.004
115,-0.872056813543001,1000.0,912.5210369343833,-8.747896306561664,101.14219491363554,10.0313376040497,205,42,18,230,22.0,20,2.1,3.0,0.0012000000000000001,28,36,1.7000000000000002,14,36,64,20.0,15,2.5,0.0028
94,-0.8722861463996688,1000.0,953.0323294661239,-4.696767053387607,54.07542035241477,5.38443384980187,108,94,30,240,27.0,18,1.4,3.2,0.0024000000000000002,28,26,1.7000000000000002,11,41,68,20.0,18,2.3,0.0074
6,-0.8746161450874143,1000.0,943.4677972875215,-5.65322027124785,64.90896488612532,6.463658718171541,71,17,24,220,31.0,10,1.3,1.9000000000000001,0.0033,20,26,2.0,11,31,72,19.0,15,1.5,0.006
232,-0.8772435808642205,1000.0,900.5953331976043,-9.940466680239568,114.61460061069226,11.331478391037837,283,0,18,190,22.0,20,1.1,2.5,0.0025,28,32,2.5,14,40,69,10.0,20,2.6,0.0038000000000000004
126,-0.8781175119624058,1000.0,954.6212354212985,-4.53787645787015,51.84011662431658,5.167732559767497,98,9,32,190,27.0,16,1.2,2.0,0.0024000000000000002,20,16,2.4000000000000004,18,36,70,18.0,18,1.2,0.0044
105,-0.8806882490279495,1000.0,892.1790821786572,-10.782091782134284,123.37592079851606,12.242801915473388,407,2,12,250,18.0,17,1.1,2.8,0.0026000000000000003,22,32,2.2,20,34,62,11.0,16,1.2,0.008
81,-0.8817199926917013,1000.0,930.2782007540413,-6.972179924595867,79.65598694128187,7.907476276353112,91,1,26,160,28.0,11,2.0,1.9000000000000001,0.0017000000000000001,24,14,2.5,15,39,60,11.0,14,1.7,0.0066
71,-0.8900575572172266,1000.0,951.824905022929,-4.817509497707107,54.37315022681332,5.4125819826406465,65,17,28,210,31.0,19,1.9,3.3,0.0035,14,28,2.4000000000000004,17,33,63,18.0,18,1.8,0.0048000000000000004
41,-0.8937592557148444,1000.0,904.7443167056349,-9.525568329436506,107.43029922811684,10.657868177060488,281,39,18,180,19.0,16,1.6,2.8,0.0025,24,26,1.6,13,41,64,16.0,19,2.3,0.002
251,-0.9031187075878696,1000.0,958.5843158646627,-4.141568413533725,46.03555197479045,4.585851648002506,135,3,10,240,31.0,17,1.8,3.5,0.0015,12,28,1.7000000000000002,12,29,58,10.0,13,1.4,0.0032
137,-0.9061048443282123,1000.0,899.3145414050555,-10.06854585949445,111.91941110856828,11.11189938175343,148,0,18,140,25.0,12,2.1,3.2,0.001,30,40,2.1,20,33,69,11.0,18,2.0,0.0038000000000000004
268,-0.9125785187411815,1000.0,934.7045500738616,-6.529544992613845,71.63438353417428,7.155050068043191,89,67,20,310,32.0,16,1.2,1.9000000000000001,0.0011,20,20,1.9000000000000001,16,39,66,21.0,18,1.6,0.006200000000000001
287,-0.9130136963607071,1000.0,946.393760886777,-5.360623911322293,58.88664609935938,5.871351035247181,91,17,28,210,28.0,11,1.7000000000000002,2.0,0.0018,18,34,2.1,14,32,68,21.0,20,1.6,0.0032
177,-0.9145495731825732,1000.0,839.5035500219326,-16.049644997806745,176.33869888522963,17.549234583265967,405,38,10,190,21.0,11,1.1,1.9000000000000001,0.0022,28,34,1.6,13,39,58,16.0,17,1.5,0.0054
142,-0.9154961723149218,1000.0,930.258589153635,-6.974141084636509,76.17881205337767,7.617881205337768,90,3,26,160,28.0,14,1.9,3.5,0.001,26,34,1.8,19,37,60,12.0,20,2.1,0.0066
49,-0.9168847155727881,1000.0,904.939344680651,-9.506065531934905,103.89569310929642,10.367787106142739,151,2,32,290,24.0,20,1.5,2.0,0.0024000000000000002,30,24,1.6,16,41,65,11.0,16,1.7,0.006
78,-0.9251849383480444,1000.0,970.7592863768881,-2.924071362311187,31.605263349101165,3.1605263349101165,57,0,26,120,32.0,17,1.4,3.5,0.0013,12,28,2.1,19,32,68,16.0,14,1.9,0.0074
155,-0.9266850681844339,1000.0,976.9336383581292,-2.3066361641870814,24.891262882936644,2.4891262882936647,43,0,34,160,31.0,20,1.3,1.9000000000000001,0.0026000000000000003,12,20,1.6,17,33,64,12.0,16,2.3,0.0032
150,-0.9327172425630229,1000.0,911.4767714467243,-8.852322855327566,94.90896545454848,9.490896545454849,135,14,28,140,24.0,18,1.7000000000000002,3.5,0.0016,28,34,2.5,11,30,59,16.0,15,2.4000000000000004,0.004
3,-0.950186099697827,1000.0,966.3542481838118,-3.364575181618823,35.40964430745521,3.5409644307455213,79,1,26,130,29.0,17,1.8,2.1,0.002,12,30,2.0,20,37,72,15.0,19,1.5,0.0064
229,-0.9627576518103477,1000.0,958.5337746515024,-4.146622534849753,43.123279661318975,4.307026308284891,153,4,10,220,31.0,11,1.6,2.2,0.0023,12,20,2.2,11,39,70,11.0,11,1.7,0.004200000000000001
