trial,final_score,score_test,score_train,train_return_pct,train_dd_pct,test_return_pct,test_dd_pct,adx_on,adx_off,vol_on,vol_off,w_trend_btc,w_range_btc
111,0.7227863523125276,0.711132704350251,0.04661459184910642,0.06436198834074425,1.380726201552659,1.357977882986261,1.9095984120530929,27.649313049633722,21.604115719110034,0.0298963417233368,0.018601666658261802,0.8,0.0
188,0.7091853479626467,0.69753170000037,0.04661459184910642,0.06436198834074425,1.380726201552659,1.3320054266773296,1.9095984120529905,25.2792446645527,18.231625448490146,0.02910741830731721,0.01762409517980998,0.8,0.0
138,0.6805387013876196,0.668885053425343,0.04661459184910642,0.06436198834074425,1.380726201552659,1.277301835866984,1.9095984120529448,29.499496387716274,22.01832920106373,0.02870378381812137,0.018697003133622155,0.7,0.0
55,0.5920514231066313,0.5658305580510368,0.10488346022237793,0.19048654548448063,1.8161733516476646,0.9256702766304858,1.6359496026847533,27.91788968345568,23.892515774040657,0.02808329438360015,0.019308158860483256,0.9,0.2
80,0.5598580750795944,0.5371493692564926,0.09083482329240733,0.13056099751631578,1.4373452029077605,0.9424408916304694,1.754522941979752,26.221105632061896,18.047168668671944,0.02831974429853952,0.01753475125059386,0.7,0.1
184,0.5514446509039613,0.5252237858483668,0.10488346022237793,0.19048654548448063,1.8161733516476646,0.8592396437792083,1.6359496026847355,29.984086240034983,20.828784637070143,0.028483434660392805,0.017502842502514784,1.0,0.2
209,0.530918243323849,0.5082095375007472,0.09083482329240733,0.13056099751631578,1.4373452029077605,0.8916652928778523,1.7545229419795008,28.9645296594728,21.70169327141818,0.02884612484698882,0.017918177972653583,0.7,0.1
129,0.5049100706617183,0.4932564226994417,0.04661459184910642,0.06436198834074425,1.380726201552659,0.941921681521829,1.9095984120530645,24.40434998969675,22.418011272429865,0.02920962718822013,0.019922571393952197,0.7,0.0
38,0.479792420761291,0.46813877279901445,0.04661459184910642,0.06436198834074425,1.380726201552659,0.8939570571574462,1.9095984120530172,29.010131133507656,18.457322183259866,0.02794227653571689,0.015028503829195135,0.9,0.0
90,0.44342753729923073,0.43177388933695415,0.04661459184910642,0.06436198834074425,1.380726201552659,0.8245147334438041,1.9095984120530203,28.01293821312939,25.531764788330477,0.027784042774563353,0.015920978612498523,0.9,0.0
91,0.44183717528915334,0.4156163102335588,0.10488346022237793,0.19048654548448063,1.8161733516476646,0.6799273375958759,1.6359496026847102,27.419193598314102,23.577544019966176,0.027635723796679734,0.01684259039166656,1.0,0.2
221,0.4307217642157003,0.4190681162534237,0.04661459184910642,0.06436198834074425,1.380726201552659,0.8002518093395805,1.9095984120530014,30.31414769033472,19.446767737349575,0.028758611152370564,0.01624740479953913,0.7,0.0
11,0.42622007424098873,0.4035113684178869,0.09083482329240733,0.13056099751631578,1.4373452029077605,0.7079699532388295,1.7545229419797594,24.53179412303592,20.14192700780562,0.028816726563032913,0.019429097143350546,0.8,0.1
18,0.42622007424098873,0.4035113684178869,0.09083482329240733,0.13056099751631578,1.4373452029077605,0.7079699532388295,1.7545229419797594,27.705871192957076,21.47812200535284,0.028825340295407564,0.0195381592752108,0.8,0.1
60,0.41821313860569387,0.4065594906434173,0.04661459184910642,0.06436198834074425,1.380726201552659,0.7763653577377516,1.9095984120530134,28.10176915108589,25.01630729260448,0.029782964569878282,0.01580589733738708,1.0,0.0
150,0.4119063142395175,0.40025266627724093,0.04661459184910642,0.06436198834074425,1.380726201552659,0.7643218559429954,1.9095984120529919,28.863072308208867,19.897645615420597,0.029903155833995894,0.01574811930178645,0.8,0.0
25,0.41174921443193246,0.4000955664696559,0.04661459184910642,0.06436198834074425,1.380726201552659,0.7640218583999214,1.9095984120530527,30.123259395318808,21.191938399979435,0.028467529197810905,0.013734205025292939,0.7,0.0
158,0.3847787135643239,0.37312506560204733,0.04661459184910642,0.06436198834074425,1.380726201552659,0.7125190327708308,1.9095984120529725,31.76094989625344,24.881124775190575,0.02969886277107686,0.019799422427819034,0.8,0.0
265,0.3847787135643239,0.37312506560204733,0.04661459184910642,0.06436198834074425,1.380726201552659,0.7125190327708308,1.9095984120529725,33.21685403966893,19.295735676447197,0.02912058952034222,0.012254702847154667,0.8,0.0
74,0.3647838526341337,0.34207514681103185,0.09083482329240733,0.13056099751631578,1.4373452029077605,0.6001786929609843,1.754522941979568,31.165009096611406,22.901218582094103,0.027636064060433875,0.01504778164824402,0.7,0.1
162,0.3635920932325323,0.3519384452702557,0.04661459184910642,0.06436198834074425,1.380726201552659,0.6720610962284823,1.909598412053001,22.544161732160585,18.933407493816436,0.029926692745590528,0.01037212128224705,1.0,0.0
19,0.35226284805651653,0.3295541422334147,0.09083482329240733,0.13056099751631578,1.4373452029077605,0.578210303172999,1.7545229419797963,24.225433141088473,22.0614533968346,0.027981759487629407,0.016253001935664174,0.9,0.1
181,0.3387377797280744,0.3270841317657978,0.04661459184910642,0.06436198834074425,1.380726201552659,0.6245993386277071,1.9095984120530165,25.750282853702412,20.500386799977065,0.029236545772156765,0.012548897964827792,0.7,0.0
143,0.3384678434010714,0.3157591375779696,0.09083482329240733,0.13056099751631578,1.4373452029077605,0.5540066510201669,1.754522941979367,23.606646603475127,21.471771775385005,0.028386531766303107,0.016337478287807912,0.7,0.1
149,0.3366923121649153,0.3250386642026387,0.04661459184910642,0.06436198834074425,1.380726201552659,0.6206933170171958,1.9095984120530263,28.852165814015613,23.522508099681033,0.02998999033887909,0.013021216705383136,0.7,0.0
106,0.3366923121649153,0.3250386642026387,0.04661459184910642,0.06436198834074425,1.380726201552659,0.6206933170171958,1.9095984120530263,22.654312242867853,18.364125607865745,0.029101037404411327,0.012921366445527776,0.7,0.0
20,0.33446263638948204,0.3082417713338875,0.10488346022237793,0.19048654548448063,1.8161733516476646,0.5042680033445546,1.6359496026848723,23.93858842903784,20.991310820729183,0.02926583837731709,0.01953499747653503,1.0,0.2
244,0.33263541135670494,0.30992670553360313,0.09083482329240733,0.13056099751631578,1.4373452029077605,0.5437735151908374,1.754522941979519,27.097617142978507,21.49561106499949,0.029364474659838276,0.014397366337078622,0.8,0.1
27,0.3319574647441883,0.3203038167819117,0.04661459184910642,0.06436198834074425,1.380726201552659,0.6116516599012467,1.9095984120529783,29.573235487241185,18.56794468807226,0.028419513356468556,0.012289417838111544,0.8,0.0
274,0.33013081186290594,0.3074221060398041,0.09083482329240733,0.13056099751631578,1.4373452029077605,0.5393791379185497,1.7545229419796915,24.20322843805559,21.596768095965317,0.029016928068657938,0.010506052918002903,0.7,0.1
281,0.3283047841187702,0.30559607829566837,0.09083482329240733,0.13056099751631578,1.4373452029077605,0.5361753303487538,1.754522941979631,27.454155223165127,21.09079059983823,0.027641453144002764,0.015498570895174195,1.0,0.1
53,0.32490660807167693,0.30219790224857507,0.09083482329240733,0.13056099751631578,1.4373452029077605,0.5302131525132481,1.7545229419796482,27.753606019884025,23.335467285084345,0.02832100455975838,0.015598835191438697,0.9,0.1
21,0.32477461280540687,0.30206590698230507,0.09083482329240733,0.13056099751631578,1.4373452029077605,0.529981563790316,1.7545229419795534,24.14958787095698,21.908845664231585,0.029774386771253762,0.013629807671809335,0.8,0.1
24,0.3145810504436689,0.2883601853880744,0.10488346022237793,0.19048654548448063,1.8161733516476646,0.4717427307157074,1.6359496026847022,29.75962938268199,22.221390299346034,0.02933488827170476,0.019643629060074552,0.9,0.2
223,0.3145810504436689,0.2883601853880744,0.10488346022237793,0.19048654548448063,1.8161733516476646,0.4717427307157074,1.6359496026847022,24.870021966946233,19.872023554683395,0.027985148267548464,0.019655966371940364,0.9,0.2
171,0.29879070919976924,0.28713706123749266,0.04661459184910642,0.06436198834074425,1.380726201552659,0.5483164761806769,1.9095984120529856,31.848474928231777,22.321723654905213,0.02760931884032292,0.011099263478894356,0.9,0.0
167,0.295864482384126,0.27315577656102413,0.09083482329240733,0.13056099751631578,1.4373452029077605,0.47925807671060916,1.7545229419797421,33.61848251123664,20.207051526892695,0.028328076155896185,0.01949010788262138,1.0,0.1
52,0.295864482384126,0.27315577656102413,0.09083482329240733,0.13056099751631578,1.4373452029077605,0.47925807671060916,1.7545229419797421,32.40809276430588,25.19185190994072,0.028949526357186447,0.01860702582000903,0.9,0.1
275,0.295864482384126,0.27315577656102413,0.09083482329240733,0.13056099751631578,1.4373452029077605,0.47925807671060916,1.7545229419797421,33.28701428365402,25.701486817914695,0.029280195754091028,0.018134778464394496,0.8,0.1
54,0.295864482384126,0.27315577656102413,0.09083482329240733,0.13056099751631578,1.4373452029077605,0.47925807671060916,1.7545229419797421,33.80766968967292,24.91684556975971,0.028708351765624928,0.018107717199403968,1.0,0.1
174,0.27263738085495487,0.24641651579936039,0.10488346022237793,0.19048654548448063,1.8161733516476646,0.40312500111694405,1.6359496026848312,24.293948552023487,22.105903660873533,0.029237914325719448,0.015038386897858214,1.0,0.2
132,0.26122453912139987,0.23358720527643964,0.11054933537984087,0.24412448098538597,2.2082853790716057,0.40554861899753103,1.7361765106850908,30.250309849727437,25.374945199452494,0.02861215861964013,0.01879326255146476,0.8,0.3
71,0.2501684799658831,0.2225311461209229,0.11054933537984087,0.24412448098538597,2.2082853790716057,0.386353348791002,1.7361765106851987,23.938974595027545,21.197222903012303,0.028698631791226187,0.016876224130805195,1.0,0.3
229,0.24547797243223576,0.22276926660913393,0.09083482329240733,0.13056099751631578,1.4373452029077605,0.39085378903371826,1.754522941979702,28.024085376318826,18.426055097368597,0.029908889694928678,0.012357780738634326,0.8,0.1
142,0.23831331323847435,0.22665966527619774,0.04661459184910642,0.06436198834074425,1.380726201552659,0.6356066090838608,2.8042334233103974,26.30154047610319,22.939675692821787,0.02133737614026229,0.01684399574405917,0.9,0.0
72,0.23831331323847435,0.22665966527619774,0.04661459184910642,0.06436198834074425,1.380726201552659,0.6356066090838608,2.8042334233103974,31.649318274077714,19.750729094498556,0.023552708216950075,0.016959117764082383,0.9,0.0
8,0.23058620565727572,0.2078774998341739,0.09083482329240733,0.13056099751631578,1.4373452029077605,0.3647258425804045,1.7545229419795323,24.51408436925785,20.96144773693506,0.028965555368630602,0.012669778220491134,1.0,0.1
270,0.22322210018756208,0.21156845222528547,0.04661459184910642,0.06436198834074425,1.380726201552659,0.6253623300295441,2.955839225801191,31.824921064034303,21.863558545403357,0.021463757191214412,0.016849908411956768,1.0,0.0
278,0.21304843286373165,0.18682756780813717,0.10488346022237793,0.19048654548448063,1.8161733516476646,0.3056404853262862,1.635949602684782,25.37627606048234,18.389265063437247,0.02795314614975012,0.01597518771010186,0.7,0.2
157,0.2126357165957553,0.18992701077265348,0.09083482329240733,0.13056099751631578,1.4373452029077605,0.33323129770228554,1.7545229419799073,28.03023529311429,23.97247480573636,0.029337708250555827,0.011151697074497594,0.9,0.1
123,0.1876897291329689,0.1600523952880087,0.11054933537984087,0.24412448098538597,2.2082853790716057,0.27787920917794473,1.7361765106852092,25.999700723981103,20.783688450357204,0.02825030700098881,0.016701335095211857,0.8,0.3
277,0.17520223218130457,0.14898136712571008,0.10488346022237793,0.19048654548448063,1.8161733516476646,0.2437260083567594,1.6359496026849052,33.34279364883085,18.18541038573081,0.029535426561816198,0.015054444630237716,0.9,0.2
260,0.17520223218130457,0.14898136712571008,0.10488346022237793,0.19048654548448063,1.8161733516476646,0.2437260083567594,1.6359496026849052,33.808701846208955,21.739246714333397,0.027950897299237876,0.011297712297137705,1.0,0.2
187,0.17520223218130457,0.14898136712571008,0.10488346022237793,0.19048654548448063,1.8161733516476646,0.2437260083567594,1.6359496026849052,32.677279923832465,24.457770969218757,0.028319625201992066,0.019745466021257083,1.0,0.2
124,0.16198870328458803,0.1343513694396278,0.11054933537984087,0.24412448098538597,2.2082853790716057,0.2332576917994711,1.736176510685199,27.27322354616301,23.54938939186746,0.02821991645522968,0.019451935395632107,1.0,0.3
118,0.1564131014845951,0.12877576763963489,0.11054933537984087,0.24412448098538597,2.2082853790716057,0.22357746292136493,1.73617651068501,30.264135894545124,18.994829265397666,0.029311962227145105,0.016997336849757173,0.7,0.3
107,0.13056562484477943,0.11891197688250284,0.04661459184910642,0.06436198834074425,1.380726201552659,0.3325485944837947,2.796594617314172,30.584743785387793,24.981757879988276,0.02199532953206673,0.014693969449305101,0.9,0.0
58,0.1267720307039242,0.10055116564832972,0.10488346022237793,0.19048654548448063,1.8161733516476646,0.16449663949187343,1.6359496026847493,24.317557459932505,18.18931547761161,0.027867983577809105,0.013282619511977066,0.8,0.2
127,0.12171727773218648,0.11006362976990987,0.04661459184910642,0.06436198834074425,1.380726201552659,0.34057734541832474,3.094367741008617,28.590635669023982,19.62846590680219,0.024536649739957846,0.019276727608444476,0.7,0.0
95,0.11287362003280424,0.08665275497720976,0.10488346022237793,0.19048654548448063,1.8161733516476646,0.1417595400765137,1.635949602684847,30.90265817725991,21.484595944031156,0.02758054530238961,0.012683955380492254,1.0,0.2
284,0.11217671300304198,0.0859558479474475,0.10488346022237793,0.19048654548448063,1.8161733516476646,0.14061943529806165,1.635949602684798,29.881511363803824,24.431726841553697,0.028128672517522754,0.01148940664576445,0.9,0.2
32,0.11100806382250461,0.0833707299775444,0.11054933537984087,0.24412448098538597,2.2082853790716057,0.14474630306569036,1.736176510685192,24.2018564294468,19.121458376758195,0.028195896333596197,0.014626280684009674,1.0,0.3
295,0.11017833689619394,0.08395747184059946,0.10488346022237793,0.19048654548448063,1.8161733516476646,0.20118601299967676,2.3962847926346074,31.394096487296725,24.169394152701148,0.023818163202791426,0.01690239911563607,0.7,0.2
45,0.11015805319212618,0.0839371881365317,0.10488346022237793,0.19048654548448063,1.8161733516476646,0.1373170095824383,1.6359496026847997,28.74950817123579,21.50547658406168,0.029742059399291042,0.0130251714297889,1.0,0.2
178,0.10633576988428657,0.09468212192200996,0.04661459184910642,0.06436198834074425,1.380726201552659,0.279865129959167,2.9558392258011814,30.69372215578936,25.95702204688739,0.024293348519597434,0.014537154175754716,1.0,0.0
117,0.06637601259347672,0.03873867874851651,0.11054933537984087,0.24412448098538597,2.2082853790716057,0.06725718409814618,1.7361765106849902,31.511542794788937,18.477104316110776,0.02770641333208601,0.01595044037319405,0.8,0.3
279,0.06436512584724374,0.03672779200228352,0.11054933537984087,0.24412448098538597,2.2082853790716057,0.06376592976369277,1.7361765106851013,32.36375490273429,22.293525994311416,0.028273189784201642,0.014309277693475404,0.8,0.3
212,0.047564939354261655,0.01992760550930144,0.11054933537984087,0.24412448098538597,2.2082853790716057,0.03459784059944848,1.7361765106851168,29.782990824146516,22.192548425361394,0.028739425343278214,0.013638979596857129,0.7,0.3
292,0.045662265489768886,0.01802493164480867,0.11054933537984087,0.24412448098538597,2.2082853790716057,0.03129446292842175,1.736176510685122,29.49785991819932,23.646201857214123,0.0299748630825279,0.015608867729086394,0.7,0.3
215,0.04221210893015273,0.019503403107050902,0.09083482329240733,0.13056099751631578,1.4373452029077605,0.05767857709537694,2.9573596350743983,29.963345272072708,18.65201589958307,0.023217829107587285,0.019167464550571202,0.7,0.1
96,0.040198598670688854,0.013977733615094372,0.10488346022237793,0.19048654548448063,1.8161733516476646,0.033435064125320046,2.392023274017324,27.99102015885523,25.053049472022174,0.024407123942489187,0.014647084666032317,0.7,0.2
205,0.040198598670688854,0.013977733615094372,0.10488346022237793,0.19048654548448063,1.8161733516476646,0.033435064125320046,2.392023274017324,31.250666853589752,25.610337124636654,0.02373503679458866,0.014639530685130197,0.7,0.2
291,0.03855140539961331,-0.013332799623324978,0.20753682009175314,0.28655152528760386,1.380726201552659,-0.03843457122437721,2.8827082315958688,27.332426904008077,21.52830852947786,0.018161551752492597,0.014129601097889265,0.7,0.0
98,0.03359708908504368,0.021943441122767072,0.04661459184910642,0.06436198834074425,1.380726201552659,0.07819856369570832,3.563641785179018,29.15386009524915,20.237267904300687,0.02546954532203459,0.018801073452552303,0.9,0.0
231,0.031058907071559835,0.003421573226599618,0.11054933537984087,0.24412448098538597,2.2082853790716057,0.005940455065611694,1.7361765106852198,33.008754059353016,18.30642552893635,0.027589026073325293,0.01472454933047831,0.7,0.3
65,0.031058907071559835,0.003421573226599618,0.11054933537984087,0.24412448098538597,2.2082853790716057,0.005940455065611694,1.7361765106852198,33.30604606896209,21.363570670183265,0.02881162084948219,0.01677317945272733,0.8,0.3
73,0.031058907071559835,0.003421573226599618,0.11054933537984087,0.24412448098538597,2.2082853790716057,0.005940455065611694,1.7361765106852198,31.74641494972137,21.65169460376138,0.029850783895553346,0.016675777325863533,0.8,0.3
153,0.030381540328909967,0.018727892366633362,0.04661459184910642,0.06436198834074425,1.380726201552659,0.06287677666805269,3.357386695583396,30.2441471530447,23.092943024047134,0.02658908743377266,0.016777644586233594,0.9,0.0
137,0.02966684504087764,0.006958139217775806,0.09083482329240733,0.13056099751631578,1.4373452029077605,0.020203601793955528,2.9035926361378093,32.52751301174346,25.9073120155149,0.019418435508088406,0.016520190014006057,1.0,0.1
189,0.029376534101891626,0.01772288613961502,0.04661459184910642,0.06436198834074425,1.380726201552659,0.06201481568590683,3.4991375105259195,23.71901788410435,19.451244465700547,0.018438153318881826,0.016573446348367955,1.0,0.0
128,0.028682946290264025,0.01702929832798742,0.04661459184910642,0.06436198834074425,1.380726201552659,0.05669459968917767,3.329238738862239,29.560267324048727,18.230955539533305,0.026805619412199742,0.017993137332744706,0.8,0.0
164,0.028682946290264025,0.01702929832798742,0.04661459184910642,0.06436198834074425,1.380726201552659,0.05669459968917767,3.329238738862239,31.268123730251553,25.083310271196634,0.02590167297423003,0.018336930832963214,0.8,0.0
200,0.028682946290264025,0.01702929832798742,0.04661459184910642,0.06436198834074425,1.380726201552659,0.05669459968917767,3.329238738862239,25.897218153346167,18.16685247219799,0.025804426869638394,0.018013221543104523,0.8,0.0
246,0.028682946290264025,0.01702929832798742,0.04661459184910642,0.06436198834074425,1.380726201552659,0.05669459968917767,3.329238738862239,29.229439585962727,18.631416048443743,0.025101765206260597,0.018223412795398866,0.8,0.0
139,0.025498958469108324,0.013845310506831719,0.04661459184910642,0.06436198834074425,1.380726201552659,0.049339727050923265,3.563641785178994,28.13895527267321,22.20760869446049,0.023052166818170423,0.017224438275706425,0.9,0.0
261,0.018578526233121725,0.006924878270845119,0.04661459184910642,0.06436198834074425,1.380726201552659,0.01996240359416479,2.8827082315958976,30.655649681442597,21.18527984616727,0.02162542547593229,0.014786651099152538,0.7,0.0
12,0.01854088573014242,-0.004167820092959413,0.09083482329240733,0.13056099751631578,1.4373452029077605,-0.013306026971715568,3.1925627006293014,28.10348827683478,23.24350932235904,0.024667242538248126,0.019145475897405437,0.8,0.1
238,0.011516448663431397,-0.011192257159670435,0.09083482329240733,0.13056099751631578,1.4373452029077605,-0.03573198274381406,3.1925627006292103,28.305128187507673,24.30816013023612,0.025661539503440037,0.017329410214506416,0.8,0.1
199,0.006853084590679712,-0.020784249254280504,0.11054933537984087,0.24412448098538597,2.2082853790716057,-0.05820374250941063,2.8003774299147994,29.565947546913495,22.60607328589465,0.02306764054508982,0.017094989615689345,1.0,0.3
30,0.0049749828197898065,-0.006678665142486799,0.04661459184910642,0.06436198834074425,1.380726201552659,-0.02536274926147053,3.797577617737355,27.81142567828301,21.388628984159368,0.026175346600031117,0.017290758494598504,1.0,0.0
154,0.004294299147425726,-0.018414406675676107,0.09083482329240733,0.13056099751631578,1.4373452029077605,-0.047770715571360256,2.5942033546191516,31.25108676462578,25.227229632583743,0.021103121658117792,0.01308932883952636,0.8,0.1
289,0.0033074379965393683,-0.019401267826562464,0.09083482329240733,0.13056099751631578,1.4373452029077605,-0.05180880094013407,2.6703822349796202,25.42988508620853,22.66818621638112,0.025166938070956945,0.016290252411453637,0.7,0.1
285,0.002746068146700382,-0.0234747969088941,0.10488346022237793,0.19048654548448063,1.8161733516476646,-0.05969801298235655,2.543068347472614,28.85554905736558,25.450949884239918,0.02422048819088508,0.01392954587866483,0.8,0.2
202,-0.0010866425843996854,-0.01274029054667629,0.04661459184910642,0.06436198834074425,1.380726201552659,-0.03755028520453507,2.947364902469297,31.957337237301786,24.964195329563292,0.02629265258972728,0.012215720588942514,1.0,0.0
170,-0.0019448554766422071,-0.02465356129974404,0.09083482329240733,0.13056099751631578,1.4373452029077605,-0.08449508045499377,3.427297153043403,23.770650159297325,20.628476427457844,0.020033650813329033,0.019005310356317584,0.9,0.1
282,-0.006857266847500258,-0.02956597267060209,0.09083482329240733,0.13056099751631578,1.4373452029077605,-0.09439122155598945,3.1925627006292987,29.63650828456456,25.800662523310272,0.02269621333173804,0.017948972283809456,0.8,0.1
264,-0.006857266847500258,-0.02956597267060209,0.09083482329240733,0.13056099751631578,1.4373452029077605,-0.09439122155598945,3.1925627006292987,32.55334721165793,22.022910291594997,0.024850395088989213,0.018313908064675415,0.8,0.1
84,-0.007022964099421099,-0.034660297944381316,0.11054933537984087,0.24412448098538597,2.2082853790716057,-0.060176395144384554,1.7361765106851768,27.456391900197787,20.618821335533873,0.028119375440941403,0.013375005480738706,0.8,0.3
218,-0.007022964099421099,-0.034660297944381316,0.11054933537984087,0.24412448098538597,2.2082853790716057,-0.060176395144384554,1.7361765106851768,23.26720580970913,22.06790789138246,0.02922303838040739,0.01308866070063881,0.8,0.3
286,-0.008372327699463483,-0.020025975661740088,0.04661459184910642,0.06436198834074425,1.380726201552659,-0.05926969752801936,2.9596409447982586,28.635546584960743,22.058519889610373,0.023836561828472894,0.014898466520662592,0.7,0.0
203,-0.009419895427851946,-0.03212860125095378,0.09083482329240733,0.13056099751631578,1.4373452029077605,-0.11011426359865961,3.4272971530433725,25.330304229697486,22.244838566181187,0.022707842001611248,0.017762282293243354,0.9,0.1
185,-0.010088536900550213,-0.032797242723652045,0.09083482329240733,0.13056099751631578,1.4373452029077605,-0.08758117432555723,2.6703822349796873,27.388918167747985,22.803280729797414,0.019591765537886736,0.01577918518389855,0.7,0.1
126,-0.012466111165236146,-0.02411975912751275,0.04661459184910642,0.06436198834074425,1.380726201552659,-0.06953022818099175,2.8827082315959163,24.499574450867268,21.305980566394574,0.02625355832348368,0.013617793591516752,0.7,0.0
46,-0.019865444163386328,-0.04257414998648816,0.09083482329240733,0.13056099751631578,1.4373452029077605,-0.1558879634745658,3.661563731138267,27.23570705413099,25.45404831548862,0.02248377558824699,0.01878126964973592,1.0,0.1
255,-0.019865444163386328,-0.04257414998648816,0.09083482329240733,0.13056099751631578,1.4373452029077605,-0.1558879634745658,3.661563731138267,28.978263360498204,25.970920897238088,0.024995846612115565,0.019164789095418813,1.0,0.1
299,-0.020953341136758334,-0.04366204695986017,0.09083482329240733,0.13056099751631578,1.4373452029077605,-0.11985719010969564,2.745111566113333,31.710405095836478,25.464191470266464,0.023225435144713112,0.01137272954800923,0.9,0.1
248,-0.0214166372415078,-0.049053971086468015,0.11054933537984087,0.24412448098538597,2.2082853790716057,-0.08516635235614745,1.7361765106850107,27.85144532077516,23.51811846756389,0.027660669151015057,0.010423551628501296,0.8,0.3
22,-0.024307549816989082,-0.03596119777926569,0.04661459184910642,0.06436198834074425,1.380726201552659,-0.11127717033618811,3.094367741008552,32.536115190448484,18.4634013319535,0.02128581515303428,0.019469494452979942,0.7,0.0
104,-0.02773359045688583,-0.05044229627998766,0.09083482329240733,0.13056099751631578,1.4373452029077605,-0.18469768257413088,3.661563731138214,29.07504287152949,20.211997015749514,0.025404252695234556,0.017602078953730827,1.0,0.1
35,-0.02785663710779427,-0.05407750216338875,0.10488346022237793,0.19048654548448063,1.8161733516476646,-0.12935464377554773,2.3920232740173173,27.500494980251275,25.21954292408439,0.01902759163658064,0.010021553783514265,0.7,0.2
169,-0.02896405190453874,-0.05167275772764057,0.09083482329240733,0.13056099751631578,1.4373452029077605,-0.17709789544984034,3.4272971530433316,27.081970077909766,24.295824799810525,0.025229211269035736,0.018298178372171327,0.9,0.1
6,-0.029592116254392842,-0.07203581176204774,0.16977478203061958,0.33416200314140276,1.968266424168551,-0.21235294221153556,2.9478801864965485,30.93310621626849,22.618817162054096,0.016102168961727843,0.010458243836556622,0.8,0.0
237,-0.03125060690638044,-0.057471471961974926,0.10488346022237793,0.19048654548448063,1.8161733516476646,-0.16350548210779525,2.8449851121957694,26.335508028470834,24.98665150822014,0.02051732136168052,0.013868813215273576,1.0,0.2
293,-0.03215027253542126,-0.05837113759101575,0.10488346022237793,0.19048654548448063,1.8161733516476646,-0.17839507243192498,3.0562205876793267,24.07818908628793,20.510020789902537,0.023503007507548454,0.019121241609240103,0.8,0.2
28,-0.04144665353207942,-0.06415535935518125,0.09083482329240733,0.13056099751631578,1.4373452029077605,-0.182336103410341,2.84210244074668,26.144961601977528,22.113248958468713,0.023482070000675894,0.014854144991504907,0.7,0.1
81,-0.04144665353207942,-0.06415535935518125,0.09083482329240733,0.13056099751631578,1.4373452029077605,-0.182336103410341,2.84210244074668,25.933824979513336,21.905835820402004,0.021356252924787853,0.014856419937985005,0.7,0.1
67,-0.04321649152634452,-0.05487013948862113,0.04661459184910642,0.06436198834074425,1.380726201552659,-0.18073511626358618,3.293870180539029,30.280835318808712,21.534288134703623,0.0271353435875413,0.01511173996874587,0.9,0.0
280,-0.049550907852520504,-0.06120455581479711,0.04661459184910642,0.06436198834074425,1.380726201552659,-0.1890237580951637,3.0883935938877345,26.806979452177078,20.927498820140503,0.01929118371917009,0.015702816438810295,0.8,0.0
2,-0.05361419996416114,-0.06526784792643775,0.04661459184910642,0.06436198834074425,1.380726201552659,-0.20526988217718367,3.145038310571229,31.230732018249604,23.72815690337923,0.021845649102296208,0.014195198209616587,0.8,0.0
272,-0.05380110126992067,-0.0765098070930225,0.09083482329240733,0.13056099751631578,1.4373452029077605,-0.22626701518422276,2.957359635074256,28.480936047935746,24.891880614659957,0.024029932497004483,0.019880233694670898,0.7,0.1
93,-0.05380110126992067,-0.0765098070930225,0.09083482329240733,0.13056099751631578,1.4373452029077605,-0.22626701518422276,2.957359635074256,26.467427393253505,24.578647344720466,0.026577370009582976,0.019607875672145787,0.7,0.1
155,-0.05637721024373579,-0.08259807529933028,0.10488346022237793,0.19048654548448063,1.8161733516476646,-0.2718538588355135,3.291285636503418,25.541325419549864,18.72106700596975,0.020499094070090075,0.017474808649383715,0.9,0.2
267,-0.05720868473628081,-0.06886233269855742,0.04661459184910642,0.06436198834074425,1.380726201552659,-0.22925914566845895,3.329238738862264,24.872108680484715,22.0205851579301,0.021893856957566942,0.01941606987868596,0.8,0.0
259,-0.05754189304931555,-0.08376275810491003,0.10488346022237793,0.19048654548448063,1.8161733516476646,-0.21344210010887377,2.54817421176061,32.51972808423179,25.881060373841546,0.021584249970108313,0.012367361842868706,0.8,0.2
165,-0.059921937538635756,-0.07157558550091236,0.04661459184910642,0.06436198834074425,1.380726201552659,-0.22510795850193555,3.145038310571223,26.58147408312188,23.52224530998051,0.018883115597551348,0.014446958597790834,0.8,0.0
227,-0.06156109685644781,-0.07321474481872442,0.04661459184910642,0.06436198834074425,1.380726201552659,-0.22294661919355363,3.0451054599118916,23.923748010944543,18.67100100297432,0.022940301704552375,0.014493192203738257,0.7,0.0
130,-0.06157758168963216,-0.08921491553459238,0.11054933537984087,0.24412448098538597,2.2082853790716057,-0.26052668854391614,2.920214484122882,25.693415664013727,23.18167751027007,0.02314984447176201,0.019326530599341044,0.8,0.3
180,-0.061774910603856675,-0.07342855856613328,0.04661459184910642,0.06436198834074425,1.380726201552659,-0.21167311021280666,2.8827082315957995,25.214423769024563,21.612439327722253,0.02146874417056928,0.013389316188351753,0.7,0.0
176,-0.06474689184029227,-0.09096775689588675,0.10488346022237793,0.19048654548448063,1.8161733516476646,-0.3207415904522337,3.5258821520610293,29.151834914856018,23.488779968497862,0.02082478624006474,0.019097008291152295,1.0,0.2
243,-0.06474689184029227,-0.09096775689588675,0.10488346022237793,0.19048654548448063,1.8161733516476646,-0.3207415904522337,3.5258821520610293,31.3700988037411,20.855793408282906,0.023090753596139695,0.018657982770780575,1.0,0.2
256,-0.06474689184029227,-0.09096775689588675,0.10488346022237793,0.19048654548448063,1.8161733516476646,-0.3207415904522337,3.5258821520610293,29.51913951092994,24.82261032307458,0.024443782017110022,0.0189867903078623,1.0,0.2
194,-0.06591792166913163,-0.07757156963140824,0.04661459184910642,0.06436198834074425,1.380726201552659,-0.24756600211220947,3.191452787258949,30.138614715202415,18.887118177607444,0.02381766387324307,0.015931342503922637,0.8,0.0
69,-0.06644718845975181,-0.15738441864433494,0.36374892073833254,0.6337519372844103,1.742278536519172,-0.4792521525189386,3.045105459911989,24.38955919271892,19.797125327978307,0.016407165793410304,0.010244253877268263,0.7,0.0
131,-0.06919200031528439,-0.09190070613838622,0.09083482329240733,0.13056099751631578,1.4373452029077605,-0.2571457843617786,2.798082791383153,33.83559171480765,24.677791564613557,0.02256774215472373,0.012437309060751384,0.7,0.1
109,-0.0697954065846853,-0.08144905454696191,0.04661459184910642,0.06436198834074425,1.380726201552659,-0.24010205410787133,2.9478801864966186,30.744160442289534,22.616169251766543,0.02669824792428349,0.011517270069509564,0.8,0.0
23,-0.07798546761660369,-0.10420633267219817,0.10488346022237793,0.19048654548448063,1.8161733516476646,-0.2807376729600519,2.6940557810739616,30.646641504472484,25.823875949418674,0.023963164737956982,0.011257605115204414,0.9,0.2
62,-0.07798546761660369,-0.10420633267219817,0.10488346022237793,0.19048654548448063,1.8161733516476646,-0.2807376729600519,2.6940557810739616,27.67940542249783,25.196037863289597,0.0198490352781895,0.010443865337132312,0.9,0.2
211,-0.07828593681087578,-0.08388126057965022,0.022381295075097753,0.05273465986257442,2.3561934055035505,-0.19667215853120812,2.344649534021443,27.46127184217921,25.859084648747178,0.017952063427817775,0.01646127091143719,0.7,0.3
141,-0.08089077988161239,-0.092544427843889,0.04661459184910642,0.06436198834074425,1.380726201552659,-0.26915590753382457,2.9083966890784314,32.84924052847967,24.818730692527144,0.019613313756710545,0.013800093975226552,0.7,0.0
245,-0.0810987900938986,-0.10873612393885881,0.11054933537984087,0.24412448098538597,2.2082853790716057,-0.36867362903366674,3.3905349545195125,28.457494998636722,21.96962581229618,0.025309624818543562,0.019243104666269637,1.0,0.3
15,-0.08116557691126526,-0.10880291075622547,0.11054933537984087,0.24412448098538597,2.2082853790716057,-0.2820303371266708,2.592121250860319,23.919784020669404,19.22273055478609,0.025078132309144158,0.016804812134963272,0.7,0.3
192,-0.08116557691126526,-0.10880291075622547,0.11054933537984087,0.24412448098538597,2.2082853790716057,-0.2820303371266708,2.592121250860319,29.414058183112367,19.259279176857227,0.021075753107319222,0.01673968710613113,0.7,0.3
242,-0.08144690550763874,-0.10766777056323322,0.10488346022237793,0.19048654548448063,1.8161733516476646,-0.2907033403500625,2.700003342033841,30.761450154434115,25.91298161836899,0.025937475520195145,0.012533137652026174,0.9,0.2
1,-0.08154125624055483,-0.18383607624628245,0.4091792800229105,0.8043477724967163,1.9657588049220864,-0.5947959432734184,3.2354690951768315,24.050540817742586,22.72394009959232,0.016187896081033312,0.010936952398615925,1.0,0.1
240,-0.08158357047945872,-0.09323721844173533,0.04661459184910642,0.06436198834074425,1.380726201552659,-0.2734120926376926,2.932435107001288,32.125134601813414,23.0538867820667,0.02597142719466159,0.010631005370322246,0.7,0.0
76,-0.0818353799762767,-0.2061446002731119,0.49723688118734083,0.8494924054401887,1.7084259788045182,-0.6016069561909587,2.9183735853081583,26.756121034379287,23.013987495854252,0.017143106715536746,0.010774833538647359,0.8,0.2
163,-0.08280941419813974,-0.10551812002124157,0.09083482329240733,0.13056099751631578,1.4373452029077605,-0.3076350737087674,2.915471519458821,28.45055927059031,19.878400259450633,0.020493756317725462,0.013886458311501426,0.7,0.1
9,-0.08360924843698475,-0.10983011349257923,0.10488346022237793,0.19048654548448063,1.8161733516476646,-0.32496190271258385,2.958768705401913,25.899176673861763,22.273119016237665,0.019503749431431953,0.014622602118511158,0.9,0.2
254,-0.08366189460027726,-0.10637060042337909,0.09083482329240733,0.13056099751631578,1.4373452029077605,-0.3023161430869781,2.8421024407467037,33.06124125947878,22.141962193667137,0.025989329251499174,0.011177609954906752,0.7,0.1
263,-0.08385819866923727,-0.11149553251419748,0.11054933537984087,0.24412448098538597,2.2082853790716057,-0.29473043456968995,2.6434281977366214,32.247307071137314,25.023681213203293,0.019691049786811493,0.01639793929366663,0.9,0.3
89,-0.08386998567649612,-0.12499941328423124,0.16451771043094046,0.3634028927325117,2.208898311194631,-0.2926534445256146,2.3412385453375006,27.504966554467163,25.7177661842727,0.017615230399104512,0.010256784254974661,0.7,0.3
288,-0.08580658698956901,-0.09746023495184562,0.04661459184910642,0.06436198834074425,1.380726201552659,-0.3473133656677563,3.563641785178963,29.867091666123628,20.12424349588577,0.026088481499512015,0.019720568640244157,0.9,0.0
50,-0.08580658698956901,-0.09746023495184562,0.04661459184910642,0.06436198834074425,1.380726201552659,-0.3473133656677563,3.563641785178963,24.663356506145607,22.48725491819797,0.027049394798526583,0.019450509390466393,0.9,0.0
290,-0.08957326598458455,-0.10122691394686116,0.04661459184910642,0.06436198834074425,1.380726201552659,-0.33674279687870845,3.3266132864178872,27.61421042464228,24.573290329022818,0.026024625543563572,0.01572570271404126,0.9,0.0
42,-0.09059823047845773,-0.10225187844073434,0.04661459184910642,0.06436198834074425,1.380726201552659,-0.3577933833737057,3.4991375105258764,23.57053938552948,20.12491610025083,0.023190886544513244,0.016455007888376495,1.0,0.0
83,-0.09076233703651053,-0.11839967088147074,0.11054933537984087,0.24412448098538597,2.2082853790716057,-0.3457524338234652,2.9202144841229845,27.143353235933137,18.671579697296004,0.021546044529864992,0.0186685135559513,0.8,0.3
239,-0.09202951847786463,-0.11966685232282484,0.11054933537984087,0.24412448098538597,2.2082853790716057,-0.32122768178218797,2.6843497221403734,28.552164942492297,18.354685506361665,0.02103741649835293,0.018135088655560884,0.7,0.3
257,-0.09622942861025621,-0.11893813443335804,0.09083482329240733,0.13056099751631578,1.4373452029077605,-0.3605685163657002,3.031563577850883,31.194950665717293,23.342718323911743,0.02041987057499157,0.015499971474868906,0.8,0.1
47,-0.09623316317109257,-0.12387049701605278,0.11054933537984087,0.24412448098538597,2.2082853790716057,-0.3617284195417847,2.9202144841229396,29.257957924362685,20.17878569851853,0.02058343167966074,0.017176121871387978,0.8,0.3
82,-0.097669589103024,-0.1093232370653006,0.04661459184910642,0.06436198834074425,1.380726201552659,-0.3382862981175072,3.0943677410086488,33.33413009778313,24.724045304500468,0.02571730091435979,0.019807219775189233,0.7,0.0
121,-0.10292168163631416,-0.12914254669190864,0.10488346022237793,0.19048654548448063,1.8161733516476646,-0.3333882615588202,2.581552479015101,31.538696838780353,22.609975876821974,0.021703043727383155,0.011751907279379727,0.7,0.2
7,-0.10377655352458354,-0.12648525934768537,0.09083482329240733,0.13056099751631578,1.4373452029077605,-0.3804105974476446,3.0075488591280335,32.9108460882825,24.842541768121176,0.021692526529060133,0.013801262250391662,0.8,0.1
228,-0.10413128308323043,-0.13176861692819064,0.11054933537984087,0.24412448098538597,2.2082853790716057,-0.368218974233514,2.7944360563045194,28.220758490663087,25.571306104094084,0.020576320249723036,0.014511279902207089,1.0,0.3
186,-0.10424387149983796,-0.11168307750842628,0.02975682403435328,0.042770828279548034,1.4373452029077605,-0.3358923123443769,3.0075488591280486,28.656766448128035,24.77819878507962,0.018106408381835807,0.015562654761043269,0.8,0.1
31,-0.10441475144700625,-0.13205208529196646,0.11054933537984087,0.24412448098538597,2.2082853790716057,-0.4167047903617882,3.155609314615942,26.217625737704516,21.22097025681815,0.022198592368720547,0.01861672536352791,0.9,0.3
147,-0.10672456892294824,-0.13294543397854272,0.10488346022237793,0.19048654548448063,1.8161733516476646,-0.37039408763438475,2.7860609917160906,29.654855572042823,19.85750755436122,0.025201075406775186,0.01459570499176731,0.7,0.2
196,-0.10784385681517727,-0.1305525626382791,0.09083482329240733,0.13056099751631578,1.4373452029077605,-0.365296878889132,2.798082791383092,27.685520701818422,24.113287166089982,0.021053380158484312,0.011199843437055492,0.7,0.1
146,-0.10933087972454136,-0.1320395855476432,0.09083482329240733,0.13056099751631578,1.4373452029077605,-0.39636734152849185,3.0018826542398727,29.31390144266244,19.400554840503236,0.02519170761793261,0.013825442986168739,0.7,0.1
145,-0.1101344052140727,-0.13284311103717453,0.09083482329240733,0.13056099751631578,1.4373452029077605,-0.4234641264635908,3.187701064491703,23.746837548392783,20.998728718202518,0.02405827710804088,0.0153116631814876,0.9,0.1
179,-0.11048753735422408,-0.1381248711991843,0.11054933537984087,0.24412448098538597,2.2082853790716057,-0.43586813013627435,3.1556093146159503,31.1453158364207,24.8223418983646,0.02684259541472677,0.017689627301047388,0.9,0.3
110,-0.11048753735422408,-0.1381248711991843,0.11054933537984087,0.24412448098538597,2.2082853790716057,-0.43586813013627435,3.1556093146159503,27.786269180091214,25.95134498168176,0.02552951428409567,0.017644434453261942,0.9,0.3
103,-0.11048753735422408,-0.1381248711991843,0.11054933537984087,0.24412448098538597,2.2082853790716057,-0.43586813013627435,3.1556093146159503,28.430367584604998,18.956437930040423,0.02072855024012056,0.01762189609484103,0.9,0.3
59,-0.11090847661120025,-0.12256212457347686,0.04661459184910642,0.06436198834074425,1.380726201552659,-0.46543918106257687,3.7975776177373852,28.075938595196497,23.13185390886102,0.025738516807155477,0.019811496871982602,1.0,0.0
86,-0.11107682787589324,-0.13378553369899507,0.09083482329240733,0.13056099751631578,1.4373452029077605,-0.4340217772164867,3.2441607490462694,31.856336068913546,23.201152745999,0.026932227410716783,0.016517546552438894,0.9,0.1
34,-0.11148907787684607,-0.1391264117218063,0.11054933537984087,0.24412448098538597,2.2082853790716057,-0.36777067979534284,2.643428197736659,32.85174222442962,25.41093586406502,0.021082617340316353,0.01166311110603914,0.9,0.3
258,-0.1151365840472747,-0.1267902320095513,0.04661459184910642,0.06436198834074425,1.380726201552659,-0.4256838380787942,3.357386695583353,33.323715757592566,23.694472832057702,0.02739582949982585,0.016377000225640162,0.9,0.0
166,-0.11625155250068027,-0.14388888634564048,0.11054933537984087,0.24412448098538597,2.2082853790716057,-0.48786029872179837,3.390534954519644,29.474813782455804,25.847421746592538,0.026454292589322272,0.01901696212424655,1.0,0.3
16,-0.11637849724657587,-0.12803214520885248,0.04661459184910642,0.06436198834074425,1.380726201552659,-0.4255932249030647,3.3241122704678236,28.556611647446275,22.767107426889027,0.02263454520942743,0.012514141199818132,1.0,0.0
4,-0.11835478054157872,-0.13000842850385533,0.04661459184910642,0.06436198834074425,1.380726201552659,-0.43316955042213,3.3318574449908427,26.559127607648048,18.81768221215879,0.019890222410250298,0.013589793804846284,0.8,0.0
269,-0.11846808236506062,-0.1446889474206551,0.10488346022237793,0.19048654548448063,1.8161733516476646,-0.4192746419769966,2.89776551320148,28.82843389513276,24.135672007330488,0.02367021572655721,0.016389911922088704,0.8,0.2
36,-0.11950810441238957,-0.1422168102354914,0.09083482329240733,0.13056099751631578,1.4373452029077605,-0.4205862540194505,2.957359635074206,33.50420427238373,21.384059887921303,0.025981581047441117,0.019954226894927138,0.7,0.1
135,-0.11950810441238957,-0.1422168102354914,0.09083482329240733,0.13056099751631578,1.4373452029077605,-0.4205862540194505,2.957359635074206,33.0171641600036,25.462818045722088,0.023002907457086354,0.019807746313325943,0.7,0.1
251,-0.11997118866402179,-0.14267989448712362,0.09083482329240733,0.13056099751631578,1.4373452029077605,-0.4841405259155107,3.393193747835318,24.83194456504423,19.009840194418032,0.021996028712620137,0.01645162875699464,1.0,0.1
161,-0.12004136050718851,-0.14767869435214873,0.11054933537984087,0.24412448098538597,2.2082853790716057,-0.36806879650248536,2.4923622064588624,28.021694168097937,25.322047269945276,0.02682939632502806,0.010632170411601954,0.8,0.3
213,-0.12132668840771793,-0.13298033636999454,0.04661459184910642,0.06436198834074425,1.380726201552659,-0.41458282582793604,3.117625034985863,31.172925080052664,24.195718308589882,0.02335595833995563,0.010523655175360063,0.8,0.0
217,-0.12284284988940873,-0.15048018373436894,0.11054933537984087,0.24412448098538597,2.2082853790716057,-0.5102083229139187,3.3905349545196604,32.35132377209986,23.36093119995778,0.026346952802679985,0.01738774672129483,1.0,0.3
119,-0.12292063178263013,-0.13457427974490674,0.04661459184910642,0.06436198834074425,1.380726201552659,-0.45598748385439203,3.3883702347784617,22.478329410203358,18.643534815194407,0.020051875094530713,0.014320286641607727,0.8,0.0
44,-0.12393342406935873,-0.1467209752888782,0.09115020487807791,0.22433891097768388,2.461200293271513,-0.4629254777544278,3.1551417705817193,26.18810601957418,19.05965256293174,0.016397119497146364,0.010687913140600193,0.8,0.1
262,-0.12401226946577637,-0.1467209752888782,0.09083482329240733,0.13056099751631578,1.4373452029077605,-0.4629254777544278,3.1551417705817193,25.804332045525783,19.002614258073553,0.020384997593179056,0.010741650197653062,0.8,0.1
5,-0.1247547419996452,-0.15097560705523969,0.10488346022237793,0.19048654548448063,1.8161733516476646,-0.461414758519596,3.056220587679249,29.750854199349817,23.837854293550542,0.0242397331100568,0.019731157639793707,0.8,0.2
41,-0.1250626071305156,-0.16379819287054326,0.1549423429601106,0.22270563338100402,1.4373452029077605,-0.49656463562413045,3.031563577850867,29.764869080861853,23.25898531578018,0.018293262646694942,0.01316369845976727,0.8,0.1
190,-0.12611284451052632,-0.1523337095661208,0.10488346022237793,0.19048654548448063,1.8161733516476646,-0.44456667414977113,2.918373585308155,26.911781919050995,23.968894096045652,0.02024415648985718,0.014198324937645033,0.8,0.2
134,-0.12945316690078734,-0.15709050074574757,0.11054933537984087,0.24412448098538597,2.2082853790716057,-0.40503222740834177,2.5783368535051663,29.529256750318677,24.92208475760194,0.02054962872640447,0.014843413855517204,0.7,0.3
33,-0.1347740597511233,-0.1464277077133999,0.04661459184910642,0.06436198834074425,1.380726201552659,-0.5176748201560111,3.5353610886898936,32.7705590259327,24.46417795785362,0.023738608091973395,0.010979087282016003,1.0,0.0
297,-0.13500438847795881,-0.14665803644023542,0.04661459184910642,0.06436198834074425,1.380726201552659,-0.48825961628230496,3.3292387388622613,33.616309615593,24.5470196810445,0.022227730699349545,0.0180461583395657,0.8,0.0
225,-0.13500438847795881,-0.14665803644023542,0.04661459184910642,0.06436198834074425,1.380726201552659,-0.48825961628230496,3.3292387388622613,32.668825903843924,25.73014522564758,0.020533233374380105,0.018012592241515475,0.8,0.0
48,-0.13612915114139862,-0.14778279910367523,0.04661459184910642,0.06436198834074425,1.380726201552659,-0.49263192455686333,3.3334862212974015,32.89790855462286,20.008970016559154,0.023417120051565495,0.010507988936625306,0.8,0.0
247,-0.13638766072170846,-0.1590963665448103,0.09083482329240733,0.13056099751631578,1.4373452029077605,-0.4653257121173149,2.9248041436964782,29.93103065749764,18.640551288599962,0.02366775917088799,0.013064958560907525,0.7,0.1
49,-0.13640108491762976,-0.16403841876258998,0.11054933537984087,0.24412448098538597,2.2082853790716057,-0.4205461635779395,2.563705299955304,31.253430676235524,18.02836551270226,0.020679331739752244,0.016371133773013795,0.7,0.3
101,-0.13689880676177837,-0.16311967181737286,0.10488346022237793,0.19048654548448063,1.8161733516476646,-0.47604414147595087,2.918373585308123,27.886868321565533,23.31168017277453,0.021163515831433125,0.015534729550102495,0.8,0.2
268,-0.13761884422481768,-0.16032755004791951,0.09083482329240733,0.13056099751631578,1.4373452029077605,-0.48219294023339465,3.007548859127919,25.840173807138566,24.601890138613058,0.02354616720883848,0.01045461803291342,0.8,0.1
266,-0.13892184923654974,-0.13242862201800767,-0.02597290887416829,-0.03586147581310373,1.380726201552659,-0.4414489868024285,3.333486221297388,29.62068509665295,20.004842471855994,0.018197159936801093,0.015508414154831398,0.8,0.0
61,-0.14005872571586422,-0.16769605956082445,0.11054933537984087,0.24412448098538597,2.2082853790716057,-0.5685793516761795,3.3905349545196204,27.308060762715705,22.772570039901957,0.023723841104862458,0.01786428178203682,1.0,0.3
39,-0.14024653273091503,-0.16788386657587526,0.11054933537984087,0.24412448098538597,2.2082853790716057,-0.44378894685170867,2.643428197736546,27.27214795909592,25.686231226195602,0.02305819287797539,0.011858249609807232,0.9,0.3
220,-0.1412714964113127,-0.16398020223441453,0.09083482329240733,0.13056099751631578,1.4373452029077605,-0.5319781357095432,3.2441607490461855,32.80044549057615,23.29543389897134,0.024836826102933217,0.01618031465493508,0.9,0.1
172,-0.14172347988902356,-0.07757156963140824,-0.25660764103046124,-0.591301015599266,2.304300110568703,-0.24756600211220947,3.191452787258949,31.4611784134446,20.865938233732262,0.01709544243582978,0.015888529220504422,0.8,0.0
234,-0.14249913949267842,-0.16520784531578026,0.09083482329240733,0.13056099751631578,1.4373452029077605,-0.5670895146842381,3.4325822336118264,32.040252647264026,18.50245720808851,0.023503960663431016,0.014998292222376097,0.9,0.1
182,-0.14464199255458557,-0.1673506983776874,0.09083482329240733,0.13056099751631578,1.4373452029077605,-0.5430269750075212,3.24484439127935,23.024372287979432,18.729798306928387,0.026250250682496926,0.014318765185517402,0.8,0.1
79,-0.1450637304879036,-0.17270106433286384,0.11054933537984087,0.24412448098538597,2.2082853790716057,-0.4635900540552518,2.684349722140269,31.264210255610667,21.115814501335528,0.020646943086804943,0.019460620335901006,0.7,0.3
94,-0.1450637304879036,-0.17270106433286384,0.11054933537984087,0.24412448098538597,2.2082853790716057,-0.4635900540552518,2.684349722140269,30.934359344543637,21.483897160061417,0.02317872825392274,0.01965473731238078,0.7,0.3
112,-0.14975726118897031,-0.1759781262445648,0.10488346022237793,0.19048654548448063,1.8161733516476646,-0.5791942792474969,3.291285636503279,31.368936332665953,22.87704729796104,0.02245489438085596,0.019475902003253782,0.9,0.2
144,-0.14986353343287928,-0.17608439848847376,0.10488346022237793,0.19048654548448063,1.8161733516476646,-0.5138800573336377,2.9183735853081587,33.08755143663577,23.552009302345876,0.02633058237291981,0.010459909686772129,0.8,0.2
235,-0.1506379715855307,-0.1622916195478073,0.04661459184910642,0.06436198834074425,1.380726201552659,-0.5792177440720248,3.5689935542321756,22.01877203120079,20.330175902202065,0.023357377878233394,0.013528160396260338,0.9,0.0
224,-0.1506929012334284,-0.17833023507838863,0.11054933537984087,0.24412448098538597,2.2082853790716057,-0.46225359201760297,2.5921212508602935,29.887390559633374,23.42645460052074,0.026635180241024355,0.014405974035090207,0.7,0.3
3,-0.15268772571675868,-0.17890859077235316,0.10488346022237793,0.19048654548448063,1.8161733516476646,-0.5602019640927547,3.1312189184116193,26.49614335871,24.07045893703814,0.01933137517504955,0.014226143981535027,0.9,0.2
156,-0.15296226982935693,-0.1791831348849514,0.10488346022237793,0.19048654548448063,1.8161733516476646,-0.5054194076198448,2.8206862657267426,33.06970977684626,22.24681898962228,0.02205309160959888,0.018304726195673974,0.7,0.2
249,-0.15296226982935693,-0.1791831348849514,0.10488346022237793,0.19048654548448063,1.8161733516476646,-0.5054194076198448,2.8206862657267426,33.76032735033135,20.19644288059886,0.02119350743212836,0.019479043786030863,0.7,0.2
197,-0.15373132678505896,-0.16538497474733557,0.04661459184910642,0.06436198834074425,1.380726201552659,-0.5434541707951213,3.2859948228391076,28.390988174409085,19.03348561407372,0.022631172144120797,0.012301107160766597,0.8,0.0
68,-0.15375668015475602,-0.18828176438617678,0.13810033692568296,0.2508141517779894,1.8161733516476646,-0.5972341577760498,3.1720233753019653,29.966246035659985,20.27029123994422,0.018388654527766144,0.016192608053623755,0.9,0.2
276,-0.15473136236098356,-0.1823686962059438,0.11054933537984087,0.24412448098538597,2.2082853790716057,-0.5084943435033407,2.7882764645589857,29.53705744688005,24.10497100110903,0.023056442744669028,0.015147248392314846,0.8,0.3
70,-0.15551270509043474,-0.18315003893539497,0.11054933537984087,0.24412448098538597,2.2082853790716057,-0.46954272550571163,2.563705299955409,32.70689437656405,21.643329347040712,0.026269972995950838,0.01575670899409318,0.7,0.3
175,-0.15551270509043474,-0.18315003893539497,0.11054933537984087,0.24412448098538597,2.2082853790716057,-0.46954272550571163,2.563705299955409,33.592213049328564,21.664340176781458,0.020621674397970538,0.010608254074945058,0.7,0.3
152,-0.15596773023875138,-0.1786764360618532,0.09083482329240733,0.13056099751631578,1.4373452029077605,-0.5704357252524495,3.192562700629305,33.19074038246645,24.662711197385505,0.021344536564110273,0.01775740979603381,0.8,0.1
88,-0.1581466810126791,-0.18085538683578092,0.09083482329240733,0.13056099751631578,1.4373452029077605,-0.6314663341561388,3.491553916110437,25.61063110037473,21.720271867481767,0.023965803997445002,0.013688951743229413,1.0,0.1
151,-0.15837977543964682,-0.18601710928460705,0.11054933537984087,0.24412448098538597,2.2082853790716057,-0.5198129172744537,2.794436056304571,31.547305370973135,25.8235558766149,0.02294409100666165,0.012744803801782278,1.0,0.3
195,-0.15865299786263581,-0.24244108937993708,0.335152366069205,0.5758374487457862,1.7181363076723217,-0.8176954773173262,3.3727594584261653,33.81334789985343,19.764147484020196,0.015679616238367174,0.01054781958518081,0.9,0.1
216,-0.16022268049104227,-0.1829313863141441,0.09083482329240733,0.13056099751631578,1.4373452029077605,-0.5229810841825833,2.8588920399065865,33.3651629719911,22.760329825212597,0.020086594784034875,0.01309581887415961,0.8,0.1
56,-0.1604136977383392,-0.1320395855476432,-0.11349644876278392,-0.22389892356164953,1.9727394645590635,-0.39636734152849185,3.0018826542398727,30.41533825767895,19.27358274384585,0.015413046990385683,0.013825417225969343,0.7,0.1
273,-0.16048736550308468,-0.27290390430451006,0.4496661552057015,0.7754004775465395,1.7243914592412,-0.9125383967427791,3.3438085067649155,29.676203081504553,24.0853199583614,0.016398171924119017,0.011061839336090973,1.0,0.2
214,-0.16359155130181854,-0.18981241635741303,0.10488346022237793,0.19048654548448063,1.8161733516476646,-0.6020894216082429,3.172023375301858,28.695558549020827,20.63752604094183,0.01867943645950254,0.013865642047237378,0.9,0.2
271,-0.16425384321596967,-0.19047470827156415,0.10488346022237793,0.19048654548448063,1.8161733516476646,-0.6178920452516112,3.243958480674864,26.98746095456938,19.264643576121657,0.02052808267139279,0.01464442157775335,0.9,0.2
13,-0.1649187490979325,-0.19113961415352698,0.10488346022237793,0.19048654548448063,1.8161733516476646,-0.5325266229648129,2.786060991716125,28.73641760995781,19.973020061551868,0.023198599265563564,0.012627416085229354,0.7,0.2
198,-0.16785276157374698,-0.19407362662934147,0.10488346022237793,0.19048654548448063,1.8161733516476646,-0.6380236288769048,3.2875339115265634,30.950043534990307,21.17656939397838,0.02209198858063754,0.01436219595512312,1.0,0.2
207,-0.17692784911683215,-0.1768472957130679,-0.00032221361505697926,-0.0008259470998694951,2.563352575040745,-0.45597189997974574,2.57833685350526,30.47421294406824,24.370637433211424,0.015667936449180544,0.013519422226200766,0.7,0.3
168,-0.17731483773182427,-0.2000235435549261,0.09083482329240733,0.13056099751631578,1.4373452029077605,-0.6489085288860386,3.2441607490462716,30.025295292147252,23.133635737865742,0.0261623026281831,0.010213574547363706,0.9,0.1
252,-0.17837798093254548,-0.20459884598813996,0.10488346022237793,0.19048654548448063,1.8161733516476646,-0.6406437772432771,3.1312189184117565,33.51036893484334,23.43249645530716,0.026379962424756778,0.013720133784706837,0.9,0.2
159,-0.1790130046899247,-0.20665033853488493,0.11054933537984087,0.24412448098538597,2.2082853790716057,-0.5761982753299755,2.788276464559029,25.44619373830269,24.325455748711498,0.022566401722937397,0.015365723082690592,0.8,0.3
148,-0.17908199483903187,-0.2067193286839921,0.11054933537984087,0.24412448098538597,2.2082853790716057,-0.5799448399530616,2.805469830252846,25.934153407142027,23.420887085592636,0.020456578415395103,0.014417297836038144,0.8,0.3
136,-0.18060995286024556,-0.2082472867052058,0.11054933537984087,0.24412448098538597,2.2082853790716057,-0.5369316539545088,2.5783368535052635,29.196699745119545,24.848103807899026,0.021663413565202773,0.013181763272337998,0.7,0.3
64,-0.181482451269779,-0.20419115709288083,0.09083482329240733,0.13056099751631578,1.4373452029077605,-0.6687930577914059,3.275328213587578,30.354802398240498,22.056980032282155,0.025234614259938077,0.013261829048573998,0.9,0.1
66,-0.18284765474060366,-0.2104849885855639,0.11054933537984087,0.24412448098538597,2.2082853790716057,-0.5645014394105918,2.6819083071148198,23.387807364813433,22.383497705085585,0.020803603948981224,0.012869137168689272,0.8,0.3
99,-0.1846054677663412,-0.21224280161130143,0.11054933537984087,0.24412448098538597,2.2082853790716057,-0.5702991832963189,2.6870130763763522,26.87713749604623,19.93084840298144,0.019783695578079873,0.015551762115818608,0.7,0.3
241,-0.18532732395272972,-0.2547775259553361,0.2778008080104255,0.5904981527602882,2.1256171174927885,-0.7449345037627175,2.92386269538275,22.525675307909477,20.347540569400252,0.013707321521143827,0.011994698337151884,0.8,0.3
230,-0.18744175424527396,-0.2101504600683758,0.09083482329240733,0.13056099751631578,1.4373452029077605,-0.7202480735031047,3.427297153043398,33.16991085699944,18.2255003642252,0.026286699936310606,0.018391762876116057,0.9,0.1
183,-0.1877484804214041,-0.21538581426636433,0.11054933537984087,0.24412448098538597,2.2082853790716057,-0.6589021352948032,3.05917145722489,29.637606050043118,22.4509658849228,0.02102789074092438,0.015615864139920724,1.0,0.3
296,-0.1931908649380896,-0.22082819878304982,0.11054933537984087,0.24412448098538597,2.2082853790716057,-0.5927801140440336,2.6843497221403494,33.31104184927045,22.483900721889757,0.02160776851205632,0.017216643785942908,0.7,0.3
87,-0.19349344958663756,-0.2162021554097394,0.09083482329240733,0.13056099751631578,1.4373452029077605,-0.7406565959726663,3.4257595377298515,30.862323169210878,24.713830770276786,0.021253453619223064,0.012385449418889059,1.0,0.1
100,-0.19506770674579543,-0.22128857180138992,0.10488346022237793,0.19048654548448063,1.8161733516476646,-0.6819707671403052,3.0818164787668523,22.782221366983265,21.585396396692566,0.02043608524625345,0.012942355813204973,0.9,0.2
29,-0.19538475420979645,-0.17194433591587055,-0.09376167317570362,-0.22713103317256733,2.4224293944385753,-0.4621970967059852,2.688062356018115,32.320787724792275,24.276955394326027,0.014561218733603049,0.011904099143618778,0.7,0.2
116,-0.20112946642544752,-0.213581621667575,0.0498086209685099,0.1370973992029345,2.7524833359592606,-0.7508911018070052,3.5157102748087343,24.697713403192285,18.918210419688364,0.017141146743366472,0.011489894010753293,0.9,0.0
57,-0.20154463206053388,-0.22425333788363572,0.09083482329240733,0.13056099751631578,1.4373452029077605,-0.7820681812835462,3.4874316193650534,33.02142281475394,19.596582640206016,0.02721770090120814,0.013496584244459186,0.9,0.1
122,-0.2060042285985588,-0.23364156244351902,0.11054933537984087,0.24412448098538597,2.2082853790716057,-0.7434846883964896,3.1821593753304107,29.023955503334253,19.45191317778501,0.02356923718224854,0.016347847194540868,1.0,0.3
294,-0.20651375435152694,-0.23273461940712142,0.10488346022237793,0.19048654548448063,1.8161733516476646,-0.7287430432569075,3.1312189184116233,25.826208243451845,22.880612640630012,0.02269304733355027,0.012465191355273604,0.9,0.2
222,-0.20767216524264123,-0.23530949908760146,0.11054933537984087,0.24412448098538597,2.2082853790716057,-0.651822908948918,2.77006628069127,30.209196476175315,21.28686889197227,0.020759971410544375,0.01237530201446925,0.8,0.3
140,-0.21070277023215028,-0.23692363528774477,0.10488346022237793,0.19048654548448063,1.8161733516476646,-0.7996316732630571,3.3750607966651405,33.65372330653213,21.755924807877854,0.025201770476358312,0.013385612340514316,1.0,0.2
201,-0.21296021084241964,-0.24059754468737987,0.11054933537984087,0.24412448098538597,2.2082853790716057,-0.7656197325084046,3.182159375330333,23.71178781847277,21.49369423654582,0.021220645927544517,0.014356765269404,1.0,0.3
287,-0.21318098164923546,-0.2408183154941957,0.11054933537984087,0.24412448098538597,2.2082853790716057,-0.8165029163715865,3.390534954519546,30.0856767096762,20.946862478926157,0.026169635210991703,0.01979898031179162,1.0,0.3
236,-0.21318098164923546,-0.2408183154941957,0.11054933537984087,0.24412448098538597,2.2082853790716057,-0.8165029163715865,3.390534954519546,27.086768838226547,22.18787646142569,0.025684296601278238,0.01953403677985515,1.0,0.3
298,-0.2167027878664508,-0.2429236529220453,0.10488346022237793,0.19048654548448063,1.8161733516476646,-0.7705595054824488,3.172023375301881,27.308513342378024,20.770908112764932,0.021438375844299473,0.012564439754734822,0.9,0.2
85,-0.2170922692291445,-0.23980097505224635,0.09083482329240733,0.13056099751631578,1.4373452029077605,-0.7665817891096771,3.196741751957677,22.98287479313971,20.018172254259046,0.021709542862605607,0.010193832870500108,0.8,0.1
177,-0.21759708283714216,-0.24523441668210239,0.11054933537984087,0.24412448098538597,2.2082853790716057,-0.6879977573412965,2.8054698302528585,24.5319782224123,22.866379389067518,0.024037555475993642,0.012750159995579533,0.8,0.3
43,-0.21831152432645787,-0.24453238938205235,0.10488346022237793,0.19048654548448063,1.8161733516476646,-0.8048259408329983,3.2912856365033707,33.98248307186272,21.66628418094869,0.021623170738897503,0.019960964478550947,0.9,0.2
193,-0.22118796420999404,-0.24882529805495426,0.11054933537984087,0.24412448098538597,2.2082853790716057,-0.6980718666968366,2.805469830252807,28.05783604824227,22.856608059528124,0.021785809833236847,0.01215568965337747,0.8,0.3
97,-0.23300871755278207,-0.23473850432290697,0.006919147080499563,0.015608928834764946,2.2559036038930365,-0.7099676507331232,3.0245044492423347,32.211434035749505,18.229599982160718,0.016462957292422014,0.011818398571576919,0.8,0.2
17,-0.23350818449313923,-0.2597290495487337,0.10488346022237793,0.19048654548448063,1.8161733516476646,-0.8684842053350295,3.343808506764944,29.579771971550116,23.4536829522126,0.024136278535957973,0.012668251899525428,1.0,0.2
233,-0.23399736812565156,-0.23412237851335418,0.0005000415508105259,0.0012416512744861663,2.483096199652914,-0.6234973617450734,2.6631258647900227,25.457218936470767,18.889494882593908,0.014774953402719396,0.013011511945862201,0.7,0.3
0,-0.23472431027251817,-0.1900325731404815,-0.17876694852814673,-0.45317246430763847,2.5349902095368977,-0.67831745643262,3.569479932954305,24.362635338890723,23.11541438766307,0.01737740223686144,0.012750293183691194,1.0,0.0
92,-0.23556723675288146,-0.2632045705978417,0.11054933537984087,0.24412448098538597,2.2082853790716057,-0.8051879097840997,3.059171457225076,30.365403281413407,22.261961962484,0.023655778573022493,0.010689567365196405,1.0,0.3
37,-0.23581111669371344,-0.2620319817493079,0.10488346022237793,0.19048654548448063,1.8161733516476646,-0.9399130801028943,3.5870166451747516,24.612410780970098,19.519182938141096,0.02524326921820278,0.010584832920072994,1.0,0.2
283,-0.23663262476999247,-0.20377830529762228,-0.1314172778894808,-0.3206209837052887,2.4397171274155007,-0.6717293408712854,3.2963731830540612,28.109470194702183,19.5924630524196,0.016634990677316296,0.01500077903570644,0.9,0.2
160,-0.23733543149669797,-0.32795581200403245,0.3624815220293379,0.6367620529013962,1.756674517742339,-1.0876489064789885,3.3164495540808256,33.49721822648544,24.579338409814195,0.01627274024687804,0.011083461021992307,1.0,0.2
26,-0.23775547236484798,-0.2494091203271246,0.04661459184910642,0.06436198834074425,1.380726201552659,-0.8901395428142278,3.568993554232188,22.76831075591614,19.983244909328064,0.021970587403640635,0.01021034260007059,0.9,0.0
78,-0.24436941600599618,-0.2720067498509564,0.11054933537984087,0.24412448098538597,2.2082853790716057,-0.8596414249197215,3.1603679886280545,26.89119243599904,18.513830805711024,0.022069784539410563,0.015426111405039154,0.9,0.3
120,-0.24448387241484712,-0.2707047374704416,0.10488346022237793,0.19048654548448063,1.8161733516476646,-0.9544730023254067,3.525882152061066,33.54293322631404,18.73061509304788,0.02547994271360486,0.018359586139061815,1.0,0.2
63,-0.24448387241484712,-0.2707047374704416,0.10488346022237793,0.19048654548448063,1.8161733516476646,-0.9544730023254067,3.525882152061066,33.409519699610215,21.450379196999897,0.026309827947429587,0.019207708562180403,1.0,0.2
105,-0.2473647336333097,-0.2735855986889042,0.10488346022237793,0.19048654548448063,1.8161733516476646,-0.9018402307879203,3.2963731830541567,26.330572829792636,20.369971706121156,0.025334916711435465,0.013022675887804355,0.9,0.2
114,-0.250023049592151,-0.2363039189165659,-0.05487652270234023,-0.14554889716440478,2.652298104854187,-0.6545775177860036,2.7700662806913563,29.371084417776437,21.60402963694162,0.01763644531183109,0.012912592890310276,0.8,0.3
51,-0.2563716742925314,-0.20843539102120265,-0.19174513308531496,-0.5487593600318585,2.861920671476412,-0.6039968878319035,2.897765513201466,30.525126990608285,24.676760159088133,0.014713663827994408,0.011480937855674826,0.8,0.2
75,-0.25895354735768744,-0.24523441668210239,-0.05487652270234023,-0.14554889716440478,2.652298104854187,-0.6879977573412965,2.8054698302528585,29.245406264042483,23.94924353727668,0.01764864599326159,0.012591915484650194,0.8,0.3
191,-0.2617712963492283,-0.17438062694135958,-0.34956267763147486,-0.7983098184425552,2.2837387098978867,-0.602747068383036,3.4565024736705805,31.940810433707462,23.772767741941387,0.017807908640909594,0.015675935566143974,1.0,0.1
206,-0.2663101117121728,-0.17194433591587055,-0.377463103185209,-1.3580997615138979,3.5979669272403614,-0.4621970967059852,2.688062356018115,30.985670632123966,24.91397499865133,0.013703929764016382,0.01150957401393077,0.7,0.2
102,-0.2671406798154602,-0.23273461940712142,-0.13762424163335515,-0.335764219460466,2.4397171274155007,-0.7287430432569075,3.1312189184116233,27.163266345172858,23.62283953748615,0.015503165242483156,0.012514036762009415,0.9,0.2
115,-0.27189754595062104,-0.29953487979558124,0.11054933537984087,0.24412448098538597,2.2082853790716057,-0.9359658389475722,3.1247307144541088,24.801085673920305,18.569438081227833,0.026585970902505085,0.012645546256588997,0.9,0.3
40,-0.27194154921464475,-0.29957888305960495,0.11054933537984087,0.24412448098538597,2.2082853790716057,-1.0051064705190016,3.3550644833635457,32.683447769553254,18.959092911576995,0.02329421999347928,0.012462153477886248,1.0,0.3
77,-0.2802784933488191,-0.2201002886235508,-0.2407128189010732,-0.5933272022570657,2.4648758008226723,-0.7242770510019758,3.29066833819898,28.481826670221476,20.5576765473501,0.016457702827774853,0.011383740615161557,0.9,0.1
253,-0.28241352956090493,-0.2634543336548087,-0.07583678362438502,-0.20789248612801403,2.7413146522364777,-0.7840974773152376,2.976217800017676,29.859305113226426,21.1842723676196,0.015368459212764335,0.012496116530933979,0.9,0.3
204,-0.2860994436140438,-0.263667062438873,-0.08972952470068327,-0.2495178042583257,2.780777064078505,-0.9531254682772494,3.614882569938808,25.071618664020757,18.8224362222221,0.015374288625999034,0.011734990224420948,1.0,0.1
173,-0.2883465856846119,-0.2558207429674858,-0.13010337086850438,-0.327556219181091,2.517661279600145,-0.7147263463422759,2.7938561121023557,27.05152668292095,19.014068349702242,0.013271862522899705,0.011136493067865466,0.7,0.2
14,-0.2984532320430421,-0.23304760266889307,-0.26162251749659604,-0.6632105204482652,2.5349902095368924,-0.8865498467810706,3.8041577627410894,33.97045127794132,19.754566073258268,0.017359334409614537,0.015095262936764647,1.0,0.0
208,-0.2994500864570365,-0.3270874203019967,0.11054933537984087,0.24412448098538597,2.2082853790716057,-1.0973993868102605,3.3550644833636283,26.424851193877753,18.300857964568735,0.0242687438769201,0.012870770326013192,1.0,0.3
10,-0.30087195339099204,-0.21383157398411795,-0.3481615176274964,-1.3229308477073154,3.7997618367539987,-0.5962215451195241,2.7882764645590066,32.15038991060115,24.742815361518478,0.013826860364059789,0.012290480719641044,0.8,0.3
232,-0.30572546035156084,-0.33565740326718535,0.11972777166249807,0.2810361255176641,2.347292709246105,-1.0132029167115197,3.018562697706995,33.051305776591484,22.922786057308386,0.01588178540043038,0.010190038849109705,0.9,0.3
125,-0.30976949322758346,-0.33740682707254366,0.11054933537984087,0.24412448098538597,2.2082853790716057,-1.1320216619555068,3.3550644833636345,25.028786211306493,18.704478342206308,0.025942076681378927,0.01115921601430958,1.0,0.3
108,-0.3119499544773612,-0.2144535018830479,-0.38998581037725316,-1.080019007650368,2.7693802669528167,-0.6726326051281428,3.1364962531363214,32.340675575530156,20.01982712394378,0.01330784821764103,0.011140871407249245,0.7,0.0
250,-0.31489285173904535,-0.18045979017161534,-0.5377322462697202,-2.088990411203706,3.884815213696322,-0.5484838783386903,3.039368924329835,31.275060545649367,22.104688155716417,0.013141718171468818,0.011599867265879318,0.7,0.0
226,-0.32776445829845446,-0.28392650993125423,-0.17535179346880103,-0.4122844758124855,2.351184824840928,-0.9493958792042068,3.343808506764935,32.75746278255058,23.129432289635577,0.017925710494297538,0.015545407454244313,1.0,0.2
133,-0.3411508780866638,-0.2532461099603457,-0.35161907250527236,-1.336068732780371,3.7997618367539987,-0.7178807069502913,2.8347156331945236,31.45260886917153,20.719001944914364,0.01371361288673913,0.012671726630669048,0.8,0.3
113,-0.3752910170127709,-0.3121780712339656,-0.25245178311522115,-0.9182804610201822,3.6374489008900017,-1.0087720704719416,3.2313995229854093,25.809482109334823,23.283425097536295,0.01403389508020283,0.011738135483264345,1.0,0.3
210,-0.3790103352672726,-0.2925778126875252,-0.34573009031898977,-1.2709683239674918,3.676186596297782,-0.9919583563763545,3.390408682273429,27.707548335316833,20.57221410304343,0.01359086773871335,0.011508610766956386,1.0,0.2
219,-0.5518300509386933,-0.49530619573760004,-0.2260954208043731,-0.6566761815664623,2.9044205284221354,-1.9180488932481032,3.872450839004312,33.99971945323634,19.536041869315092,0.01771118607741722,0.011549451729444049,1.0,0.0
