strategy,symbol,side,entry_ts,exit_ts,entry_price,exit_price,qty,pnl,reason
BTC_TREND,BTC/USDT:USDT,short,1740751200000,1740754800000,81372.95842835425,82960.1236402548,0.007373456877916966,-12.069915984627459,sl
BTC_TREND,BTC/USDT:USDT,long,1740924000000,1740927600000,85725.00233602877,87039.88538965533,0.006913806173909284,8.729780435941986,tp
BTC_TREND,BTC/USDT:USDT,long,1741006800000,1741010400000,91548.86023638964,89965.61049968787,0.006530423151102213,-10.691798837899805,sl
BTC_TREND,BTC/USDT:USDT,long,1741276800000,1741280400000,90472.51601390753,89067.90549379255,0.0065364157067935745,-9.530429179471525,sl
BTC_TREND,BTC/USDT:USDT,long,1741302000000,1741305600000,89805.46877643316,88228.48839839052,0.006520502161617336,-10.627880393445949,sl
BTC_TREND,BTC/USDT:USDT,long,1741359600000,1741363200000,88608.71165292167,86801.96233409147,0.006535810588283548,-12.148964039088698,sl
BTC_TREND,BTC/USDT:USDT,short,1741510800000,1741514400000,86336.48217172717,84751.16193824542,0.006622587201362893,10.162158312106135,tp
BTC_TREND,BTC/USDT:USDT,short,1741611600000,1741615200000,82594.68899443031,79847.01082701504,0.00699560191287338,18.8865159029235,tp
BTC_TREND,BTC/USDT:USDT,short,1741712400000,1741716000000,80537.55848313626,81984.61101573582,0.007314129569000996,-10.943717357164125,sl
BTC_TREND,BTC/USDT:USDT,long,1742119200000,1742122800000,83935.19156207194,83227.70238189418,0.006938987201990111,-5.255767943807326,sl
BTC_TREND,BTC/USDT:USDT,short,1742158800000,1742162400000,83653.13928756544,82201.08066023045,0.006923850953902104,9.712348693550483,tp
BTC_TREND,BTC/USDT:USDT,long,1742482800000,1742486400000,85379.40412517142,84462.45980342591,0.006851298380900724,-6.62946565541,sl
BTC_TREND,BTC/USDT:USDT,long,1742536800000,1742540400000,84686.5219226121,83815.14876017807,0.00685955551710893,-6.32219338349211,sl
BTC_TREND,BTC/USDT:USDT,long,1742569200000,1742572800000,84242.08025271008,83451.39209219869,0.006849888695650055,-5.759105540868465,sl
BTC_TREND,BTC/USDT:USDT,long,1742767200000,1742770800000,84142.5860799432,85683.0979274649,0.006816098610124426,10.149865995956159,tp
BTC_TREND,BTC/USDT:USDT,long,1742868000000,1742871600000,87421.11137678275,86650.53053485793,0.006629351327185037,-5.4531132128792015,sl
BTC_TREND,BTC/USDT:USDT,long,1742918400000,1742922000000,86977.62549657258,88269.16848863552,0.006624736466200221,8.205275969587996,tp
BTC_TREND,BTC/USDT:USDT,long,1742990400000,1742994000000,87476.84769768857,86724.36008307898,0.006642418923219525,-5.343973689083044,sl
BTC_TREND,BTC/USDT:USDT,long,1743076800000,1743080400000,87108.53937798788,86327.05417602601,0.006632894564170068,-5.527067897103223,sl
BTC_TREND,BTC/USDT:USDT,short,1743368400000,1743372000000,82881.42850392056,81717.2882899728,0.00693033642339716,7.72808634698916,tp
BTC_TREND,BTC/USDT:USDT,short,1743418800000,1743422400000,82115.45060520741,82892.78233737164,0.007050611094295719,-5.8313305972161364,sl
BTC_TREND,BTC/USDT:USDT,short,1743426000000,1743429600000,82178.91126639428,83008.44015790323,0.007001745631963496,-6.156872682685317,sl
BTC_TREND,BTC/USDT:USDT,short,1743487200000,1743490800000,82584.41387086103,83557.55440976481,0.006921798376910379,-7.082903729385161,sl
BTC_TREND,BTC/USDT:USDT,short,1743570000000,1743573600000,83309.18990181111,84016.61072188328,0.006809744812079006,-5.160634266838167,sl
BTC_TREND,BTC/USDT:USDT,short,1744059600000,1744063200000,77933.05873234669,79633.40737507478,0.007238903164200556,-12.654534284862574,sl
BTC_TREND,BTC/USDT:USDT,short,1744135200000,1744138800000,79205.39291710212,76492.86375028557,0.007025903494741486,18.73550926547702,tp
BTC_TREND,BTC/USDT:USDT,short,1744214400000,1744218000000,77117.64748391446,78483.65829323926,0.007361012585902655,-10.401854277809441,sl
BTC_TREND,BTC/USDT:USDT,long,1744293600000,1744297200000,81292.99305265068,80134.81425749652,0.006905327512264137,-8.32961818084845,sl
BTC_TREND,BTC/USDT:USDT,short,1744351200000,1744354800000,80152.01482728618,81350.12853082077,0.006940431992907324,-8.654189699961602,sl
BTC_TREND,BTC/USDT:USDT,long,1744545600000,1744549200000,84726.20504788094,83866.61145039703,0.0065036589225132965,-5.917767471527723,sl
BTC_TREND,BTC/USDT:USDT,long,1744567200000,1744570800000,84401.75105273005,83599.3604161689,0.0064858080369054995,-5.529477281546418,sl
BTC_TREND,BTC/USDT:USDT,long,1744574400000,1744578000000,84408.63946341383,83485.40524747912,0.006445195453564135,-6.273272823721202,sl
BTC_TREND,BTC/USDT:USDT,long,1744707600000,1744711200000,84114.53737337608,85958.27678640728,0.006422206539607782,11.509650231314952,tp
BTC_TREND,BTC/USDT:USDT,long,1744732800000,1744736400000,85299.38986257839,84466.41158850731,0.006413198252691379,-5.667074717728846,sl
BTC_TREND,BTC/USDT:USDT,long,1744819200000,1744822800000,83988.78729136765,83306.17850293835,0.006472006867752418,-4.741343662340976,sl
BTC_TREND,BTC/USDT:USDT,long,1745190000000,1745193600000,84041.28099765543,85835.57283601073,0.0064333380741855625,11.211960444584324,tp
BTC_TREND,BTC/USDT:USDT,long,1745280000000,1745283600000,86895.57030602162,88471.63243207484,0.006298690108920606,9.59277368674382,tp
BTC_TREND,BTC/USDT:USDT,long,1745470800000,1745474400000,93255.6632919472,92317.2194359914,0.005930130508900154,-5.893566436777936,sl
BTC_TREND,BTC/USDT:USDT,long,1745539200000,1745542800000,92756.93895418514,94223.40709929238,0.005923176833531744,8.351289002947292,tp
BTC_TREND,BTC/USDT:USDT,long,1745726400000,1745730000000,94542.1139303161,93779.78655685195,0.005863636557596772,-4.799945006792176,sl
BTC_TREND,BTC/USDT:USDT,long,1745787600000,1745791200000,94100.48710448216,93608.23345291136,0.005859843260816485,-3.2136469883430765,sl
BTC_TREND,BTC/USDT:USDT,long,1745830800000,1745834400000,93858.8041526526,94942.0238603059,0.005853683650385515,6.007369148782092,tp
BTC_TREND,BTC/USDT:USDT,long,1745960400000,1745964000000,94866.01994482972,94191.25578301672,0.00582883353548814,-4.262503065195834,sl
BTC_TREND,BTC/USDT:USDT,long,1746014400000,1746018000000,94681.22455462608,93980.05426261226,0.005812497506171003,-4.403305872350271,sl
BTC_TREND,BTC/USDT:USDT,long,1746090000000,1746093600000,94365.5654024716,95887.93688617545,0.00580324354143524,8.500815850207758,tp
BTC_TREND,BTC/USDT:USDT,long,1746190800000,1746194400000,96432.0902685182,97612.22402559478,0.005731091494170102,6.427799785060583,tp
BTC_TREND,BTC/USDT:USDT,long,1746248400000,1746252000000,96884.3035911098,96187.09962769867,0.005743463824507158,-4.335834018412397,sl
BTC_TREND,BTC/USDT:USDT,long,1746288000000,1746291600000,96362.53160335973,95898.54412012064,0.005746872866804301,-2.9971471226655293,sl
BTC_TREND,BTC/USDT:USDT,long,1746309600000,1746313200000,96299.90098255344,95871.47985747481,0.005731246557440609,-2.785064951575676,sl
BTC_TREND,BTC/USDT:USDT,long,1746324000000,1746327600000,96177.19633890718,95747.3002364923,0.005720495374614062,-2.787851858309682,sl
BTC_TREND,BTC/USDT:USDT,long,1746342000000,1746345600000,96060.53822357891,95627.6758704428,0.005709342088670966,-2.7989419201744794,sl
BTC_TREND,BTC/USDT:USDT,long,1746392400000,1746396000000,95597.86632505083,95201.65669415284,0.005718718593911012,-2.592470273887698,sl
BTC_TREND,BTC/USDT:USDT,short,1746478800000,1746482400000,94422.2361062621,95070.99325542783,0.005772752609226996,-4.074407320227373,sl
BTC_TREND,BTC/USDT:USDT,short,1746565200000,1746568800000,94508.32792547898,95181.10430214116,0.0057409348808072636,-4.190222480772181,sl
BTC_TREND,BTC/USDT:USDT,long,1746640800000,1746644400000,96463.23914516969,95793.27075489605,0.005597851779311434,-4.072125664260546,sl
BTC_TREND,BTC/USDT:USDT,long,1746662400000,1746666000000,96437.96991248586,97838.57340624038,0.005573311440984639,7.47882857170435,tp
BTC_TREND,BTC/USDT:USDT,long,1746914400000,1746918000000,102553.6658852392,104540.70578830075,0.005284078692487604,10.168234423318035,tp
BTC_TREND,BTC/USDT:USDT,long,1747008000000,1747011600000,103676.16628701695,105042.54274993234,0.005285086947378801,6.888323026395446,tp
BTC_TREND,BTC/USDT:USDT,long,1747029600000,1747033200000,104052.36465831433,105479.49087975969,0.00530506727377034,7.235255135857201,tp
BTC_TREND,BTC/USDT:USDT,long,1747054800000,1747058400000,104128.74207115738,103267.63136722366,0.0053422301657430485,-4.931259251859851,sl
BTC_TREND,BTC/USDT:USDT,long,1747310400000,1747314000000,102680.36486889505,101950.14456172797,0.005388120685039113,-4.264106951336029,sl
BTC_TREND,BTC/USDT:USDT,long,1747324800000,1747328400000,102544.04056103565,104129.49440594397,0.005369686431413488,8.17790435870362,tp
BTC_TREND,BTC/USDT:USDT,long,1747569600000,1747573200000,102817.12694790095,104684.42562773296,0.005402504687749233,9.748755011107466,tp
BTC_TREND,BTC/USDT:USDT,long,1747602000000,1747605600000,104175.1004255665,105606.78347951472,0.00538758882525279,7.371940066828132,tp
BTC_TREND,BTC/USDT:USDT,long,1747670400000,1747674000000,103501.04310153233,105471.01754649277,0.005464760583086932,10.419614380900725,tp
BTC_TREND,BTC/USDT:USDT,long,1747864800000,1747868400000,107093.1541902839,109795.31456736957,0.0053392051115772835,14.075656674778234,tp
BTC_TREND,BTC/USDT:USDT,long,1747994400000,1747998000000,110866.82514004095,110001.4370976742,0.005233027052608161,-4.873983334403528,sl
BTC_TREND,BTC/USDT:USDT,long,1748124000000,1748127600000,108398.18098378803,107449.7475354222,0.005324582752812701,-5.393287424872093,sl
BTC_TREND,BTC/USDT:USDT,long,1748206800000,1748210400000,107558.60160804338,108930.0643933581,0.005335415697655566,6.968611768212035,tp
BTC_TREND,BTC/USDT:USDT,long,1748304000000,1748307600000,109297.49534616093,108470.30505493048,0.005288155527129307,-4.7184756164813875,sl
BTC_TREND,BTC/USDT:USDT,long,1748433600000,1748437200000,109090.77123518693,108175.95269582489,0.005271589011393081,-5.164702857636556,sl
BTC_TREND,BTC/USDT:USDT,short,1748509200000,1748512800000,107968.05967876622,108751.06850664402,0.005297065456853774,-4.4932859315925375,sl
BTC_TREND,BTC/USDT:USDT,short,1748790000000,1748793600000,104356.10831738095,104921.30421624877,0.005453914364192953,-3.4258691163230846,sl
BTC_TREND,BTC/USDT:USDT,short,1749261600000,1749265200000,104030.64410253805,104741.5304787419,0.005450561838311591,-4.217270266860605,sl
BTC_TREND,BTC/USDT:USDT,long,1749373200000,1749376800000,105370.91053054086,104971.81149960472,0.005356573751742485,-2.475176943549358,sl
BTC_TREND,BTC/USDT:USDT,long,1749394800000,1749398400000,105337.61593013495,106092.50101773215,0.005343525303495302,3.6936027885872855,tp
BTC_TREND,BTC/USDT:USDT,long,1749434400000,1749438000000,105781.49713095515,105340.96563808167,0.005341414597302179,-2.6906632095375853,sl
BTC_TREND,BTC/USDT:USDT,long,1749675600000,1749679200000,109019.4307730551,108267.68480023235,0.00516734153021578,-4.220201847968541,sl
BTC_TREND,BTC/USDT:USDT,long,1749751200000,1749754800000,107757.93179023749,107021.98450782355,0.005203708914356166,-4.1638021868828705,sl
BTC_TREND,BTC/USDT:USDT,short,1750042800000,1750046400000,105221.43892247108,106232.04291252124,0.005304768170290428,-5.699141695130975,sl
BTC_TREND,BTC/USDT:USDT,long,1750147200000,1750150800000,107276.98014685344,106360.570659382,0.00517062349453608,-5.068378705861771,sl
BTC_TREND,BTC/USDT:USDT,short,1750269600000,1750273200000,105043.8491937168,103499.37033646557,0.005250962224971478,7.783917366326274,tp
BTC_TREND,BTC/USDT:USDT,short,1750399200000,1750402800000,104549.6239234091,105573.01579686833,0.005319822529012285,-5.78124096917167,sl
BTC_TREND,BTC/USDT:USDT,short,1750428000000,1750431600000,105180.99232058814,104030.59077587596,0.005254275945868453,5.716563906022208,tp
BTC_TREND,BTC/USDT:USDT,short,1750525200000,1750528800000,103708.54737206749,102654.61171711101,0.005361309095059791,5.320256950456726,tp
BTC_TREND,BTC/USDT:USDT,short,1750593600000,1750597200000,102743.85728428725,101080.80134771776,0.005442067541372102,8.720409603048845,tp
BTC_TREND,BTC/USDT:USDT,short,1750654800000,1750658400000,100728.38645424973,101993.15807019654,0.005602235673049564,-7.428382490246469,sl
BTC_TREND,BTC/USDT:USDT,short,1750680000000,1750683600000,101218.45998494502,102149.29971852955,0.005530408326432221,-5.486880215811417,sl
BTC_TREND,BTC/USDT:USDT,long,1750946400000,1750950000000,107408.76878995007,106757.65436247383,0.00518039745263606,-3.704859769897799,sl
BTC_TREND,BTC/USDT:USDT,long,1750982400000,1750986000000,107316.81143949725,106605.60881421833,0.005163500653084839,-4.002570098544199,sl
BTC_TREND,BTC/USDT:USDT,long,1751227200000,1751230800000,107625.66605491033,107230.83353064168,0.005125751212198109,-2.3535964348580443,sl
BTC_TREND,BTC/USDT:USDT,long,1751234400000,1751238000000,107563.47432984182,108301.85393905702,0.005114970805144784,3.4444136516251858,tp
BTC_TREND,BTC/USDT:USDT,long,1751288400000,1751292000000,107809.00224389958,107362.59426208447,0.00512187892950836,-2.616386561644146,sl
BTC_TREND,BTC/USDT:USDT,long,1751302800000,1751306400000,107644.60865085656,107135.35616937434,0.00511450196910666,-2.933339213366815,sl
BTC_TREND,BTC/USDT:USDT,long,1751313600000,1751317200000,107566.14967625774,106971.23733755476,0.005101256252124342,-3.362212903233914,sl
BTC_TREND,BTC/USDT:USDT,long,1751338800000,1751342400000,107434.3445557531,106854.7033293797,0.005088124485444292,-3.275500736120488,sl
BTC_TREND,BTC/USDT:USDT,long,1751428800000,1751432400000,106920.76404317898,106382.18553691823,0.005093570241715492,-3.068406533017021,sl
BTC_TREND,BTC/USDT:USDT,long,1751630400000,1751634000000,109173.29347206863,108334.18876180696,0.004971014501456102,-4.4943201769539485,sl
BTC_TREND,BTC/USDT:USDT,long,1751832000000,1751835600000,108154.4069691523,109120.99716219695,0.004992309826322677,4.498658222929319,tp
BTC_TREND,BTC/USDT:USDT,long,1751886000000,1751889600000,108807.56668206303,108315.17798346246,0.004986553116791293,-2.7793940327010107,sl
BTC_TREND,BTC/USDT:USDT,long,1751932800000,1751936400000,108289.2888617851,107761.32754103481,0.004994417925066512,-2.959782547636955,sl
BTC_TREND,BTC/USDT:USDT,long,1751976000000,1751979600000,108133.00963477083,109133.89385707864,0.004984612900723865,4.662626277510748,tp
BTC_TREND,BTC/USDT:USDT,long,1752058800000,1752062400000,108403.44608244504,109424.72626897093,0.0049973880906949665,4.775630747076776,tp
BTC_TREND,BTC/USDT:USDT,long,1752328800000,1752332400000,117579.03044904859,116938.61410367375,0.004631220879441296,-3.2908506809853337,sl
BTC_TREND,BTC/USDT:USDT,long,1752408000000,1752411600000,117477.67185509385,118650.08521412397,0.004617852888039573,5.08528723277011,tp
BTC_TREND,BTC/USDT:USDT,long,1752584400000,1752588000000,118101.02610602934,117000.4377521835,0.004618763250654549,-5.407595436161737,sl
BTC_TREND,BTC/USDT:USDT,long,1752685200000,1752688800000,117372.2788681842,119835.12959990157,0.00461923947910055,11.04436903410193,tp
BTC_TREND,BTC/USDT:USDT,long,1752750000000,1752753600000,118776.71121221567,117648.46033148517,0.0046198637732968815,-5.53847728699888,sl
BTC_TREND,BTC/USDT:USDT,long,1753045200000,1753048800000,118190.04471519646,117222.12326974992,0.004614122046535737,-4.790633990742028,sl
BTC_TREND,BTC/USDT:USDT,long,1753074000000,1753077600000,117851.01983769442,119187.51471159713,0.004602450366225686,5.822018549411959,tp
BTC_TREND,BTC/USDT:USDT,short,1753171200000,1753174800000,117534.87732702668,118573.31702995989,0.004643996782390593,-5.152903100787147,sl
BTC_TREND,BTC/USDT:USDT,long,1753282800000,1753286400000,118469.18659383614,117578.5888628879,0.004580721503004669,-4.402737038860077,sl
BTC_TREND,BTC/USDT:USDT,long,1753300800000,1753304400000,118364.13143440912,117428.69372112266,0.004561919060992772,-4.588811252329321,sl
BTC_TREND,BTC/USDT:USDT,long,1753333200000,1753336800000,118296.29412683427,117359.19053496461,0.004540712863673393,-4.574854965876543,sl
BTC_TREND,BTC/USDT:USDT,long,1753401600000,1753405200000,118281.59959556257,117443.65325700429,0.004517525425540423,-4.103776703469649,sl
BTC_TREND,BTC/USDT:USDT,long,1753628400000,1753632000000,117982.14122229353,118661.80703069973,0.004507578360579444,2.7427204542381878,tp
BTC_TREND,BTC/USDT:USDT,long,1753704000000,1753707600000,119000.09635834685,118415.38498062556,0.00448231201195967,-2.9393236533893377,sl
BTC_TREND,BTC/USDT:USDT,long,1753750800000,1753754400000,118306.13840226033,117644.74606461565,0.004493156203480874,-3.288896817175191,sl
BTC_TREND,BTC/USDT:USDT,long,1753797600000,1753801200000,118205.0302020412,117487.0217086719,0.004479765645517961,-3.532298375972738,sl
BTC_TREND,BTC/USDT:USDT,short,1753880400000,1753884000000,117932.79361603435,118643.09709892623,0.00447159686912753,-3.4945052911483807,sl
BTC_TREND,BTC/USDT:USDT,short,1753894800000,1753898400000,117988.3844240913,116601.75869377978,0.0044511832952067645,5.86071580717286,tp
BTC_TREND,BTC/USDT:USDT,short,1754341200000,1754344800000,114611.06736482847,115239.01091577492,0.004612480669317872,-3.2153001162835304,sl
BTC_TREND,BTC/USDT:USDT,short,1754373600000,1754377200000,114761.18949339999,113683.10164990464,0.004589083800937358,4.634414690438857,tp
BTC_TREND,BTC/USDT:USDT,short,1754485200000,1754488800000,113894.78261248287,114669.70427682399,0.004647852645278481,-3.9215024405052805,sl
BTC_TREND,BTC/USDT:USDT,long,1754661600000,1754665200000,116524.55006663034,115891.81814150233,0.004522220776164576,-3.1758064902287035,sl
BTC_TREND,BTC/USDT:USDT,long,1754791200000,1754794800000,116751.98380214573,117597.10200279781,0.004496549063107313,3.482846770056173,tp
BTC_TREND,BTC/USDT:USDT,long,1754931600000,1754935200000,120329.83876679499,119379.80056546889,0.004379692843618388,-4.4745836264374965,sl
BTC_TREND,BTC/USDT:USDT,long,1755075600000,1755079200000,118973.60852963153,120378.91525967617,0.00440652132095502,5.874242714412175,tp
BTC_TREND,BTC/USDT:USDT,long,1755259200000,1755262800000,119030.8301736609,117974.12965376847,0.004433484806468944,-4.998687606756754,sl
BTC_TREND,BTC/USDT:USDT,short,1755432000000,1755435600000,117754.10091157274,118525.31684918786,0.004455546209307813,-3.753045263115484,sl
BTC_TREND,BTC/USDT:USDT,short,1755450000000,1755453600000,117977.91730111187,117238.7921423866,0.0044274730701968565,2.9610137787653836,tp
BTC_TREND,BTC/USDT:USDT,short,1755471600000,1755475200000,117832.39015893968,117017.41198759193,0.0044474866206376225,3.3123444886629914,tp
BTC_TREND,BTC/USDT:USDT,short,1755532800000,1755536400000,115878.17087544683,116636.17679811423,0.004539099076829132,-3.7583178812681552,sl
BTC_TREND,BTC/USDT:USDT,short,1755550800000,1755554400000,116001.70458635602,116757.80168020503,0.00451428185201347,-3.7294819642462578,sl
BTC_TREND,BTC/USDT:USDT,short,1755572400000,1755576000000,116113.02727111716,114737.82410173869,0.00449014097009231,5.865742690135971,tp
BTC_TREND,BTC/USDT:USDT,short,1755608400000,1755612000000,115537.73608755975,114202.1475611218,0.00454241843950039,5.7555495855295735,tp
BTC_TREND,BTC/USDT:USDT,short,1755694800000,1755698400000,113751.32468387105,112423.65454954875,0.004643559937366876,5.851888258810318,tp
BTC_TREND,BTC/USDT:USDT,short,1755734400000,1755738000000,113640.8691521542,114586.45621560146,0.004678412315173221,-4.745495775446782,sl
BTC_TREND,BTC/USDT:USDT,short,1755788400000,1755792000000,114000.3955209336,112343.51876798166,0.0046381220241034716,7.372158789893601,tp
BTC_TREND,BTC/USDT:USDT,short,1755867600000,1755871200000,112900.80293616146,113686.20903158121,0.0047219114204891735,-4.030707736951325,sl
BTC_TREND,BTC/USDT:USDT,short,1756148400000,1756152000000,112337.12079740634,110377.43324637166,0.004723507149257886,8.94377700059044,tp
BTC_TREND,BTC/USDT:USDT,short,1756296000000,1756299600000,110876.68600133441,111757.28087390822,0.004833548004711416,-4.580508098476287,sl
BTC_TREND,BTC/USDT:USDT,short,1756324800000,1756328400000,111474.725269563,112343.97586677413,0.004782386024351236,-4.4794552638246365,sl
BTC_TREND,BTC/USDT:USDT,short,1756443600000,1756447200000,112507.68011389917,110977.57014628788,0.004714020595590898,6.899079570047618,tp
BTC_TREND,BTC/USDT:USDT,short,1756594800000,1756598400000,108606.87154531521,109302.05339171283,0.004920861062787961,-3.743609410665936,sl
BTC_TREND,BTC/USDT:USDT,short,1756728000000,1756731600000,108578.27597628438,109294.43719560665,0.004900879316681566,-3.831203015194135,sl
BTC_TREND,BTC/USDT:USDT,short,1757034000000,1757037600000,110515.87004995291,111338.6305817916,0.004793578057534259,-4.264193081934846,sl
BTC_TREND,BTC/USDT:USDT,long,1757102400000,1757106000000,111391.65594997842,110422.10226475107,0.0047323505280715,-4.901801550657338,sl
BTC_TREND,BTC/USDT:USDT,long,1757167200000,1757170800000,111142.83707882973,110309.78671338869,0.004715913660113496,-4.240720455949477,sl
BTC_TREND,BTC/USDT:USDT,long,1757394000000,1757397600000,111774.86978522675,112844.09487024014,0.004665920841863067,4.673006640325031,tp
BTC_TREND,BTC/USDT:USDT,long,1757696400000,1757700000000,114900.59793261149,115951.49060282751,0.004562847574524852,4.4776216847853405,tp
BTC_TREND,BTC/USDT:USDT,long,1757887200000,1757890800000,115658.70463773933,115079.7756880673,0.0045556240352139146,-2.9519387530619987,sl
BTC_TREND,BTC/USDT:USDT,long,1758110400000,1758114000000,116449.73728352068,115910.46075471272,0.004508925447295892,-2.7451366395344077,sl
BTC_TREND,BTC/USDT:USDT,long,1758128400000,1758132000000,116202.85524809212,115613.67779336587,0.004503788595258354,-2.965950439280396,sl
BTC_TREND,BTC/USDT:USDT,long,1758160800000,1758164400000,116003.5168930638,117457.90256488994,0.0044956457832971515,6.2215733382045055,tp
BTC_TREND,BTC/USDT:USDT,long,1758441600000,1758445200000,115770.84954699187,115386.39115696608,0.004536384472769231,-2.0581132908668343,sl
BTC_TREND,BTC/USDT:USDT,long,1758466800000,1758470400000,115627.41985774573,115362.85354368771,0.004530786860280773,-1.5123042800071098,sl
BTC_TREND,BTC/USDT:USDT,short,1758495600000,1758499200000,115567.1914401987,115018.92228893159,0.004524752566119725,2.168522950852663,tp
BTC_TREND,BTC/USDT:USDT,short,1758650400000,1758654000000,112786.90826232446,111585.317515192,0.004647270843050188,5.272977328867067,tp
BTC_TREND,BTC/USDT:USDT,short,1758682800000,1758686400000,112352.55432111125,111155.68584430724,0.004692836773238328,5.303727106624793,tp
BTC_TREND,BTC/USDT:USDT,short,1759086000000,1759089600000,109536.01249331098,110419.47008773952,0.004841979842181241,-4.598473172654453,sl
BTC_TREND,BTC/USDT:USDT,long,1759244400000,1759248000000,113395.69775466785,112834.26071543296,0.004652279111889651,-2.9269236948128183,sl
BTC_TREND,BTC/USDT:USDT,long,1759258800000,1759262400000,113315.78764859326,114539.51606565401,0.004639503346553381,5.358648205366276,tp
BTC_TREND,BTC/USDT:USDT,long,1759500000000,1759503600000,119727.81500980008,121030.25844345325,0.004417361808663998,5.432583216960209,tp
BTC_TREND,BTC/USDT:USDT,long,1759626000000,1759629600000,121940.29386942566,123142.32609476821,0.00436342364591733,4.922582552717227,tp
BTC_TREND,BTC/USDT:USDT,long,1759676400000,1759680000000,123284.00732771521,122336.75091916055,0.004339304614832441,-4.42894796176712,sl
BTC_TREND,BTC/USDT:USDT,long,1759748400000,1759752000000,123017.35864301988,124554.71545251874,0.004326586938646638,6.328169809003,tp
BTC_TREND,BTC/USDT:USDT,long,1759816800000,1759820400000,124627.41770190101,123694.5802229529,0.0043006453913974445,-4.3309831205869775,sl
BTC_TREND,BTC/USDT:USDT,long,1759838400000,1759842000000,124317.66619295444,123490.25162410388,0.004289940751315101,-3.8674189948432387,sl
BTC_TREND,BTC/USDT:USDT,long,1759939200000,1759942800000,122102.38228458133,123991.34684270027,0.004348244179417652,7.890192353642761,tp
BTC_TREND,BTC/USDT:USDT,long,1760014800000,1760018400000,122234.09656900016,121355.8549341454,0.004381767377443948,-4.167302420846964,sl
BTC_TREND,BTC/USDT:USDT,long,1760101200000,1760104800000,121567.52148406925,120438.05119172353,0.004384696805795374,-5.269235386102999,sl
BTC_TREND,BTC/USDT:USDT,short,1760274000000,1760277600000,111361.8992668954,112919.7108974729,0.004757562694144151,-7.733720060539018,sl
BTC_TREND,BTC/USDT:USDT,short,1760378400000,1760382000000,114431.80165644594,115528.90327579257,0.004588824090136289,-5.352491428860761,sl
BTC_TREND,BTC/USDT:USDT,short,1760410800000,1760414400000,114914.62392484322,112949.33509547524,0.004541048672045402,8.616727171900925,tp
BTC_TREND,BTC/USDT:USDT,short,1760601600000,1760605200000,112490.74045375269,109943.68031680954,0.004684299477468888,11.622186994009224,tp
BTC_TREND,BTC/USDT:USDT,short,1760623200000,1760626800000,111187.47278224125,108909.23506663447,0.0048013538101683165,10.62487827384796,tp
BTC_TREND,BTC/USDT:USDT,short,1760878800000,1760882400000,106782.83734898196,108188.05707455245,0.005058502605970774,-7.436669384947739,sl
BTC_TREND,BTC/USDT:USDT,short,1760925600000,1760929200000,108204.13679414267,108984.27422100012,0.004950221460012467,-4.18555080802023,sl
BTC_TREND,BTC/USDT:USDT,short,1760986800000,1760990400000,110200.18626636731,111083.8797754246,0.004837186319398831,-4.596990206686752,sl
BTC_TREND,BTC/USDT:USDT,short,1761015600000,1761019200000,110409.1696803203,108595.11755629582,0.00480246952091123,8.399015189661469,tp
BTC_TREND,BTC/USDT:USDT,short,1761195600000,1761199200000,108589.72826124626,109847.92263482907,0.004928757641278609,-6.526183405849024,sl
BTC_TREND,BTC/USDT:USDT,short,1761228000000,1761231600000,108761.28028343017,109787.69958519506,0.004884390069790834,-5.335179814765554,sl
BTC_TREND,BTC/USDT:USDT,short,1761260400000,1761264000000,109498.507293153,110645.89546825981,0.0048216882097733525,-5.852448041729348,sl
BTC_TREND,BTC/USDT:USDT,long,1761465600000,1761469200000,110520.98994931577,112434.0508540375,0.004744735248021489,8.756885623746074,tp
BTC_TREND,BTC/USDT:USDT,long,1761656400000,1761660000000,114309.33726399145,115760.15746119677,0.004632902731904998,6.399725525286842,tp
BTC_TREND,BTC/USDT:USDT,long,1761742800000,1761746400000,113389.83501832365,112501.0819886117,0.004703775484254567,-4.498002611562137,sl
BTC_TREND,BTC/USDT:USDT,short,1761822000000,1761825600000,111074.83712475827,108443.34601951587,0.004776937198843932,12.259651516918712,tp
BTC_TREND,BTC/USDT:USDT,short,1761879600000,1761883200000,108743.96077027079,110043.00168091341,0.004946386325404419,-6.752147315776131,sl
BTC_TREND,BTC/USDT:USDT,short,1761915600000,1761919200000,109406.63861863916,110592.15385546246,0.0048788063696814515,-6.107633911568003,sl
BTC_TREND,BTC/USDT:USDT,short,1762063200000,1762066800000,109648.28289442243,110918.63550932797,0.004834048999060335,-6.462658457914406,sl
BTC_TREND,BTC/USDT:USDT,short,1762077600000,1762081200000,110316.17305627288,110875.54936692459,0.004769055679720589,-2.984959772484991,sl
BTC_TREND,BTC/USDT:USDT,short,1762131600000,1762135200000,110431.76192559936,109283.79668567207,0.0047472742823044456,5.138425765999185,tp
BTC_TREND,BTC/USDT:USDT,short,1762351200000,1762354800000,102187.10811276488,103570.47795782967,0.005159848620367202,-7.458623779196052,sl
BTC_TREND,BTC/USDT:USDT,short,1762441200000,1762444800000,103232.89508574388,101122.24396469905,0.00506361428411181,10.380296741910513,tp
BTC_TREND,BTC/USDT:USDT,short,1762509600000,1762513200000,101964.15011366794,99865.55073906427,0.005187087930556687,10.574812651330307,tp
BTC_TREND,BTC/USDT:USDT,short,1762693200000,1762696800000,102407.77236241802,103539.61022342992,0.005225955218119642,-6.239589995618018,sl
BTC_TREND,BTC/USDT:USDT,long,1762819200000,1762822800000,105404.02838310688,107245.97538214974,0.005041272758691796,8.96136350072487,tp
BTC_TREND,BTC/USDT:USDT,short,1762956000000,1762959600000,104090.80643854658,102511.89965933577,0.005155916540108506,7.823585898815561,tp
BTC_TREND,BTC/USDT:USDT,short,1763046000000,1763049600000,102749.16894946704,100685.94922779927,0.005268298183258071,10.5513905492867,tp
BTC_TREND,BTC/USDT:USDT,short,1763326800000,1763330400000,96175.93037839449,93164.47372047204,0.0056935153597341675,16.827514719789747,tp
BTC_TREND,BTC/USDT:USDT,short,1763398800000,1763402400000,94842.04385114247,92519.73243488738,0.005879353855519514,13.327316831514745,tp
BTC_TREND,BTC/USDT:USDT,short,1763524800000,1763528400000,92448.47098856048,90226.42954719743,0.006117347394075472,13.261831572649589,tp
BTC_TREND,BTC/USDT:USDT,short,1763650800000,1763654400000,91687.5646616259,89530.0226119994,0.006254159431744066,13.15765093785014,tp
BTC_TREND,BTC/USDT:USDT,short,1763902800000,1763906400000,84893.50946600859,86923.79878696518,0.006846865326729365,-14.258210881275863,sl
BTC_TREND,BTC/USDT:USDT,short,1763946000000,1763949600000,86680.59744940838,87589.48948598886,0.006606204458863672,-6.351507070278815,sl
BTC_TREND,BTC/USDT:USDT,short,1764000000000,1764003600000,86855.77312663978,87906.68301552178,0.006548213309043867,-7.226961147988613,sl
BTC_TREND,BTC/USDT:USDT,long,1764331200000,1764334800000,91028.88128204664,92248.14700185721,0.00619963351084401,7.215857793081388,tp
BTC_TREND,BTC/USDT:USDT,long,1764435600000,1764439200000,90785.26296924606,90222.7019931167,0.006263213625706438,-3.8624900048669257,sl
BTC_TREND,BTC/USDT:USDT,short,1764666000000,1764669600000,86290.69658574554,87461.49406311598,0.006561793930788752,-8.02687436174483,sl
BTC_TREND,BTC/USDT:USDT,long,1764853200000,1764856800000,92970.1291716441,91902.9544614949,0.006037828525269417,-6.776354474387496,sl
BTC_TREND,BTC/USDT:USDT,long,1764921600000,1764925200000,92640.7418751448,91546.3760391897,0.006014681158891382,-6.912634932330204,sl
BTC_TREND,BTC/USDT:USDT,short,1765112400000,1765116000000,89720.7441458314,88547.20164797817,0.006163458456173359,6.905626232811632,tp
BTC_TREND,BTC/USDT:USDT,short,1765123200000,1765126800000,89278.82117767203,90026.0405328563,0.006239633193872102,-4.999412374204548,sl
BTC_TREND,BTC/USDT:USDT,short,1765152000000,1765155600000,89970.62276662908,90805.50366380815,0.006157572145420332,-5.476324221220063,sl
BTC_TREND,BTC/USDT:USDT,long,1765249200000,1765252800000,90690.22251536207,89732.60085220434,0.006071749641543006,-6.141339322247198,sl
BTC_TREND,BTC/USDT:USDT,short,1765706400000,1765710000000,90550.21315769512,89607.69888060076,0.006039714602374236,5.367794285864436,tp
BTC_TREND,BTC/USDT:USDT,short,1765803600000,1765807200000,89422.37364477298,88307.53992477151,0.006151173035507352,6.531618142497018,tp
BTC_TREND,BTC/USDT:USDT,short,1765890000000,1765893600000,86718.02447113203,87562.69687063621,0.0063874316959959924,-5.7308677045530425,sl
BTC_TREND,BTC/USDT:USDT,short,1765976400000,1765980000000,87321.47991520392,88204.77415489123,0.006303150947256518,-5.901117727051472,sl
BTC_TREND,BTC/USDT:USDT,short,1765994400000,1765998000000,87271.4720609863,85338.56469305039,0.006265435167276205,11.78969585154133,tp
BTC_TREND,BTC/USDT:USDT,short,1766059200000,1766062800000,86572.85966431734,87666.07104299222,0.006396946509092077,-7.3296918127885915,sl
BTC_TREND,BTC/USDT:USDT,short,1766080800000,1766084400000,87340.05694721242,85322.27307748364,0.006289641892743733,12.369150031669344,tp
BTC_TREND,BTC/USDT:USDT,short,1766300400000,1766304000000,87443.78969135579,88561.50267789423,0.006366298310629061,-7.453979664898824,sl
BTC_TREND,BTC/USDT:USDT,long,1766426400000,1766430000000,89292.1811869405,88498.98126386681,0.0061836775880980185,-5.233242087398429,sl
BTC_TREND,BTC/USDT:USDT,short,1766581200000,1766584800000,87881.71396568525,86404.82452180718,0.006246440028159051,8.901467806694091,tp
BTC_TREND,BTC/USDT:USDT,short,1766610000000,1766613600000,87221.11047092438,87953.60662202125,0.006354228463813783,-4.989774279349419,sl
BTC_TREND,BTC/USDT:USDT,short,1766959200000,1766962800000,87736.24059687722,87992.27862022168,0.006282039072326811,-1.9401034260643977,sl
BTC_TREND,BTC/USDT:USDT,long,1767207600000,1767211200000,88045.84330687966,87357.2200154607,0.00624597674665081,-4.628503764326147,sl
BTC_TREND,BTC/USDT:USDT,long,1767319200000,1767322800000,87994.76059196338,88936.64860928495,0.00621729284925868,5.524226521234528,tp
BTC_TREND,BTC/USDT:USDT,long,1767481200000,1767484800000,89796.78913533349,90974.28010492101,0.006128705561848866,6.881962708459342,tp
BTC_TREND,BTC/USDT:USDT,long,1767567600000,1767571200000,91104.1952593401,91919.55296702075,0.006085353330733743,4.626121967489448,tp
BTC_TREND,BTC/USDT:USDT,long,1767711600000,1767715200000,93486.33461659234,92854.1326486025,0.0059592705755808955,-4.09946832597451,sl
BTC_TREND,BTC/USDT:USDT,long,1767772800000,1767776400000,93022.78300108835,92176.24844828797,0.005961806462551473,-5.376597339874089,sl
BTC_TREND,BTC/USDT:USDT,long,1767834000000,1767837600000,91644.6609261868,90872.74908658936,0.0060155312358136145,-4.971448498761506,sl
BTC_TREND,BTC/USDT:USDT,short,1767916800000,1767920400000,90623.64565343004,91471.6603771852,0.006049660575739253,-5.46222474049675,sl
BTC_TREND,BTC/USDT:USDT,short,1767967200000,1767970800000,90923.82608369419,91677.99322763726,0.005992919522743007,-4.849314301599613,sl
BTC_TREND,BTC/USDT:USDT,short,1768176000000,1768179600000,90828.90110557053,91697.43223287104,0.0059664290698390335,-5.5102931011680845,sl
BTC_TREND,BTC/USDT:USDT,long,1768230000000,1768233600000,90996.24973866573,92098.82129569577,0.0059184086236551536,6.198421936412515,tp
BTC_TREND,BTC/USDT:USDT,long,1768500000000,1768503600000,96196.7847058726,95263.88752802377,0.0056364401121573385,-5.5803885918873455,sl
BTC_TREND,BTC/USDT:USDT,long,1768572000000,1768575600000,95768.44037490805,95071.99102538051,0.005626009109289639,-4.239155917129031,sl
BTC_TREND,BTC/USDT:USDT,long,1768773600000,1768777200000,95303.1783118431,94649.07014388342,0.005626107949231266,-3.999586694969381,sl
BTC_TREND,BTC/USDT:USDT,short,1768993200000,1768996800000,89863.06205225283,88325.62930667712,0.005939279861659387,8.816488965607824,tp
BTC_TREND,BTC/USDT:USDT,short,1769011200000,1769014800000,89486.32004291436,87827.35549114489,0.006022682810623207,9.674043506843836,tp
BTC_TREND,BTC/USDT:USDT,short,1769184000000,1769187600000,89422.61004318611,90633.23127189143,0.006091160542315406,-7.705325197266778,sl
BTC_TREND,BTC/USDT:USDT,short,1769432400000,1769436000000,87625.05098789056,88406.27728458082,0.006162608867928785,-5.141280088867299,sl
BTC_TREND,BTC/USDT:USDT,short,1769450400000,1769454000000,87785.52754862525,88476.72880511804,0.006115465308903536,-4.55166312494395,sl
BTC_TREND,BTC/USDT:USDT,short,1769472000000,1769475600000,87817.49835212779,88666.6541724091,0.006081406764847856,-5.487592744168954,sl
BTC_TREND,BTC/USDT:USDT,short,1769540400000,1769544000000,88206.84937305494,88865.73905746744,0.006016508810877369,-4.285012492878629,sl
BTC_TREND,BTC/USDT:USDT,short,1769590800000,1769594400000,88847.45274778373,89478.66307093193,0.005943474786628491,-4.070671147432955,sl
BTC_TREND,BTC/USDT:USDT,short,1769616000000,1769619600000,89276.19076916348,89989.21769254158,0.00588686435358371,-4.515345369084665,sl
BTC_TREND,BTC/USDT:USDT,short,1769648400000,1769652000000,89396.64557668635,87835.15913777538,0.005847921335860567,8.823258001068107,tp
BTC_TREND,BTC/USDT:USDT,short,1769864400000,1769868000000,83831.35531209265,82199.71532311081,0.006298547479174791,9.966318653680007,tp
BTC_TREND,BTC/USDT:USDT,short,1770134400000,1770138000000,77881.51816181101,75463.60548528754,0.006855698419579685,16.26606668260687,tp
BTC_TREND,BTC/USDT:USDT,short,1770213600000,1770217200000,76549.08388377515,73864.26424457517,0.007101688766742578,18.752016863046723,tp
BTC_TREND,BTC/USDT:USDT,short,1770386400000,1770390000000,66364.01632440061,68781.52881150032,0.008360159234416041,-20.55580406329316,sl
BTC_TREND,BTC/USDT:USDT,short,1770544800000,1770548400000,69475.61497462052,71172.39315636228,0.0078072527176373165,-13.580572586565488,sl
BTC_TREND,BTC/USDT:USDT,short,1770627600000,1770631200000,70540.94800531173,68836.2312454421,0.00757291000095302,12.596892249192997,tp
BTC_TREND,BTC/USDT:USDT,short,1770660000000,1770663600000,69841.7927407709,71024.29635858779,0.007756019149682464,-9.502040185946482,sl
BTC_TREND,BTC/USDT:USDT,short,1770728400000,1770732000000,70111.10709308367,67896.02214600031,0.007643982198264842,16.620672312379437,tp
BTC_TREND,BTC/USDT:USDT,short,1770786000000,1770789600000,69289.77312270126,67266.8695805129,0.007877585997784509,15.617656288858363,tp
BTC_TREND,BTC/USDT:USDT,short,1770991200000,1770994800000,67316.4514938203,68520.86431577147,0.008246739506578851,-10.27152303228145,sl
BTC_TREND,BTC/USDT:USDT,long,1771135200000,1771138800000,69568.40038020116,70682.21977913816,0.007890244798051135,8.453687708274913,tp
BTC_TREND,BTC/USDT:USDT,short,1771239600000,1771243200000,68810.50571769336,69433.23918297823,0.008049905267387837,-5.348304001073835,sl
BTC_TREND,BTC/USDT:USDT,short,1771250400000,1771254000000,68889.51775376944,67614.8067041026,0.007993126063528228,9.864653910311306,tp
BTC_TREND,BTC/USDT:USDT,short,1771290000000,1771293600000,68416.42994227796,69244.78993016845,0.0081339426153229,-7.075772494952092,sl
BTC_TREND,BTC/USDT:USDT,short,1771596000000,1771599600000,67376.95010682971,67956.24137479211,0.008195429910161416,-5.081699352041446,sl
BTC_TREND,BTC/USDT:USDT,short,1771862400000,1771866000000,66317.03087573693,65043.69685493082,0.008279438680086716,10.219375764750543,tp
BTC_TREND,BTC/USDT:USDT,short,1771956000000,1771959600000,63774.03360785579,64602.87346179228,0.008704695257611552,-7.552207341631012,sl
BTC_TREND,BTC/USDT:USDT,short,1771977600000,1771981200000,63995.410308211794,64788.109306894716,0.008602735490330795,-7.153792789490764,sl
BTC_TREND,BTC/USDT:USDT,long,1772114400000,1772118000000,67921.90365480709,67096.19436913692,0.008041253530058976,-6.963460214092287,sl
BTC_TREND,BTC/USDT:USDT,long,1772182800000,1772186400000,67605.98970773842,66667.17044347292,0.00801605941244511,-7.846275799380984,sl
SOL_BBRSI,SOL/USDT:USDT,long,1741327200000,1741330800000,138.97199981539,143.9355,2.878277642484521,14.037759810864811,tp
SOL_BBRSI,SOL/USDT:USDT,short,1741784400000,1741788000000,129.11084299125014,125.1063,3.1413558654545564,12.34389256844235,tp
SOL_BBRSI,SOL/USDT:USDT,short,1743512400000,1743516000000,128.6630373274004,126.32204999999999,3.1904129020276932,7.226904473943207,tp
SOL_BBRSI,SOL/USDT:USDT,long,1744326000000,1744329600000,109.71040346356308,113.06800000000001,3.7676111288126113,12.394520323674904,tp
SOL_BBRSI,SOL/USDT:USDT,long,1745708400000,1745712000000,148.51577176708574,149.35545,2.816339790027922,2.112437800161227,tp
SOL_BBRSI,SOL/USDT:USDT,long,1745737200000,1745740800000,146.8461893453725,148.1301,2.853886728640684,3.4104876621004783,tp
SOL_BBRSI,SOL/USDT:USDT,long,1745805600000,1745809200000,146.05013573079097,148.2186,2.8785530208113896,5.986046313390982,tp
SOL_BBRSI,SOL/USDT:USDT,long,1746032400000,1746036000000,143.19491081885036,145.6847,2.952436245539614,7.09286894895823,tp
SOL_BBRSI,SOL/USDT:USDT,long,1746414000000,1746417600000,144.20625075450846,145.589,2.951170065955509,3.822933442777756,tp
SOL_BBRSI,SOL/USDT:USDT,long,1747119600000,1747123200000,167.662032413539,172.41645,2.547221285618625,11.847043966094478,tp
SOL_BBRSI,SOL/USDT:USDT,short,1747159200000,1747162800000,178.03927438731347,182.37995868143972,2.4251781020920125,-10.792314827442505,sl
SOL_BBRSI,SOL/USDT:USDT,short,1747206000000,1747209600000,180.54335112803824,180.05059999999997,2.3674396138044416,0.9108031865070574,tp
SOL_BBRSI,SOL/USDT:USDT,short,1747843200000,1747846800000,171.55560831549252,169.46945,2.493393325381475,4.9480808222464825,tp
SOL_BBRSI,SOL/USDT:USDT,long,1749384000000,1749387600000,148.61478673526355,149.85735,2.8913719154424475,3.332736526951863,tp
SOL_BBRSI,SOL/USDT:USDT,long,1750352400000,1750356000000,143.48625200803377,145.29345,3.003767490719684,5.166545932527362,tp
SOL_BBRSI,SOL/USDT:USDT,long,1750964400000,1750968000000,142.13884736629447,143.73965,3.046538547318403,4.614161899530919,tp
SOL_BBRSI,SOL/USDT:USDT,short,1751119200000,1751122800000,145.8865150729199,148.23249643142822,2.980690159039565,-7.257744634613808,sl
SOL_BBRSI,SOL/USDT:USDT,short,1751986800000,1751990400000,151.57361712234695,149.60604999999998,2.849470922185454,5.350746449020968,tp
SOL_BBRSI,SOL/USDT:USDT,short,1754319600000,1754323200000,164.78860126520325,167.46018604622276,2.633740182505499,-7.3008881613170935,sl
SOL_BBRSI,SOL/USDT:USDT,short,1755759600000,1755763200000,186.57531379559939,185.7232,2.3103554050558475,1.7112337540071516,tp
SOL_BBRSI,SOL/USDT:USDT,long,1756591200000,1756594800000,199.5566156278745,202.14755,2.1633223854703467,5.342640134453866,tp
SOL_BBRSI,SOL/USDT:USDT,short,1756911600000,1756915200000,209.37255133395826,209.60320000000002,2.071942146297971,-0.7384621146066799,tp
SOL_BBRSI,SOL/USDT:USDT,long,1757026800000,1757030400000,204.2737154689687,201.03775710691218,2.122043567478459,-7.122811154403584,sl
SOL_BBRSI,SOL/USDT:USDT,long,1759064400000,1759068000000,199.1604259516743,201.6289,2.16204559303693,5.0753949129042235,tp
SOL_BBRSI,SOL/USDT:USDT,short,1759093200000,1759096800000,205.31209985594393,208.23360742218438,2.106985569730971,-6.418821407511418,sl
SOL_BBRSI,SOL/USDT:USDT,long,1760601600000,1760605200000,195.58722905052204,189.30446884988035,2.1984436204831583,-14.061999203249394,sl
SOL_BBRSI,SOL/USDT:USDT,short,1760911200000,1760914800000,189.87595999976563,188.59705,2.2347657769506264,2.6051821594918576,tp
SOL_BBRSI,SOL/USDT:USDT,short,1761472800000,1761476400000,195.44518987053945,197.59264163887912,2.1762440106859366,-4.931384930839451,sl
SOL_BBRSI,SOL/USDT:USDT,short,1764144000000,1764147600000,139.71439552049793,137.68115,3.029965819984408,5.9103629236114426,tp
SOL_BBRSI,SOL/USDT:USDT,long,1765461600000,1765465200000,131.17781558115027,132.7493,3.2449093612598836,4.840868834037136,tp
SOL_BBRSI,SOL/USDT:USDT,short,1766048400000,1766052000000,130.80150782173195,123.80725,3.2687881325916437,22.61992716224639,tp
SOL_BBRSI,SOL/USDT:USDT,long,1766502000000,1766505600000,122.92136293445523,124.75815,3.551670530997472,6.25780258549862,tp
SOL_BBRSI,SOL/USDT:USDT,long,1766584800000,1766588400000,121.88334202332638,122.53139999999999,3.6021688445327857,2.069586978090452,tp
SOL_BBRSI,SOL/USDT:USDT,short,1766934000000,1766937600000,123.95616870938099,124.19485,3.548327550976694,-1.1113298041727697,tp
SOL_BBRSI,SOL/USDT:USDT,short,1767690000000,1767693600000,137.71556207160953,137.57575,3.190324775552972,0.18269912173308922,tp
SOL_BBRSI,SOL/USDT:USDT,short,1768143600000,1768147200000,137.89221910012978,139.10360696430135,3.186512651568215,-4.126055997221218,sl
SOL_BBRSI,SOL/USDT:USDT,long,1768744800000,1768748400000,142.8368312044119,141.55160089207334,3.0644037885861066,-4.1987273955684765,sl
SOL_BBRSI,SOL/USDT:USDT,long,1770948000000,1770951600000,78.2369699309925,79.4331,5.572751850444015,6.400139482426342,tp
SOL_BBRSI,SOL/USDT:USDT,long,1771434000000,1771437600000,83.21936735128988,81.55029725354724,5.269451199748015,-9.052918616034962,sl
SOL_BBRSI,SOL/USDT:USDT,short,1771678800000,1771682400000,85.25385618255531,86.48164726668371,5.1008149721969165,-6.527411273370909,sl
